annotation_id,image_id,label,original_label,xmin,ymin,xmax,ymax
-5805312977254070876_121-14_5_39_1,-5805312977254070876_121-14_5_39,healthy,healthy-cocoa-leaf,288,559,796,1280
-5805312977254070877_121-14_5_45_2,-5805312977254070877_121-14_5_45,healthy,healthy-cocoa-leaf,164,483,821,1228
-5805312977254070878_121-14_5_50_3,-5805312977254070878_121-14_5_50,healthy,healthy-cocoa-leaf,237,395,793,1280
-5805312977254070878_121-14_5_50_4,-5805312977254070878_121-14_5_50,healthy,healthy-cocoa-leaf,0,0,188,310
-5805312977254070879_121-14_5_59_5,-5805312977254070879_121-14_5_59,healthy,healthy-cocoa-leaf,675,0,936,483
-5805312977254070879_121-14_5_59_6,-5805312977254070879_121-14_5_59,healthy,healthy-cocoa-leaf,188,283,589,930
-5805312977254070880_121-14_8_34_7,-5805312977254070880_121-14_8_34,healthy,healthy-cocoa-leaf,321,109,1121,543
-5805312977254070888_121-14_11_58_8,-5805312977254070888_121-14_11_58,healthy,healthy-cocoa-leaf,0,40,474,1247
-5805312977254070888_121-14_11_58_9,-5805312977254070888_121-14_11_58,healthy,healthy-cocoa-leaf,267,471,577,1171
-5805312977254070888_121-14_11_58_10,-5805312977254070888_121-14_11_58,healthy,healthy-cocoa-leaf,428,12,672,228
-5805312977254070888_121-14_11_58_11,-5805312977254070888_121-14_11_58,healthy,healthy-cocoa-leaf,456,812,726,1280
-5805312977254070889_121-14_12_3_12,-5805312977254070889_121-14_12_3,healthy,healthy-cocoa-leaf,535,675,848,1146
-5805312977254070889_121-14_12_3_13,-5805312977254070889_121-14_12_3,healthy,healthy-cocoa-leaf,696,821,960,1280
-5805312977254070890_121-14_12_8_14,-5805312977254070890_121-14_12_8,healthy,healthy-cocoa-leaf,0,0,261,152
-5805312977254070893_121-14_13_11_15,-5805312977254070893_121-14_13_11,healthy,healthy-cocoa-leaf,626,807,1098,960
-5805312977254070893_121-14_13_11_16,-5805312977254070893_121-14_13_11,healthy,healthy-cocoa-leaf,968,221,1190,404
-5805312977254070894_121-14_13_16_17,-5805312977254070894_121-14_13_16,healthy,healthy-cocoa-leaf,529,12,748,201
-5805312977254070894_121-14_13_16_18,-5805312977254070894_121-14_13_16,healthy,healthy-cocoa-leaf,817,401,960,596
-5805312977254070894_121-14_13_16_19,-5805312977254070894_121-14_13_16,healthy,healthy-cocoa-leaf,775,891,960,1280
-5805312977254070895_121-14_13_24_20,-5805312977254070895_121-14_13_24,healthy,healthy-cocoa-leaf,85,642,319,1247
-5805312977254070895_121-14_13_24_21,-5805312977254070895_121-14_13_24,healthy,healthy-cocoa-leaf,738,529,960,1031
-5805312977254070897_121-14_13_34_22,-5805312977254070897_121-14_13_34,healthy,healthy-cocoa-leaf,702,36,960,602
-5805312977254070897_121-14_13_34_23,-5805312977254070897_121-14_13_34,healthy,healthy-cocoa-leaf,285,0,586,304
-5805312977254070897_121-14_13_34_24,-5805312977254070897_121-14_13_34,healthy,healthy-cocoa-leaf,0,714,109,1280
-5805312977254070898_121-14_13_39_25,-5805312977254070898_121-14_13_39,healthy,healthy-cocoa-leaf,139,1073,410,1280
-5805312977254070898_121-14_13_39_26,-5805312977254070898_121-14_13_39,healthy,healthy-cocoa-leaf,434,261,620,559
-5805312977254070898_121-14_13_39_27,-5805312977254070898_121-14_13_39,healthy,healthy-cocoa-leaf,492,672,824,1088
-5805312977254070899_121-14_13_44_28,-5805312977254070899_121-14_13_44,healthy,healthy-cocoa-leaf,0,55,380,800
-5805312977254070899_121-14_13_44_29,-5805312977254070899_121-14_13_44,healthy,healthy-cocoa-leaf,735,24,942,204
-5805312977254070900_121-14_13_49_30,-5805312977254070900_121-14_13_49,healthy,healthy-cocoa-leaf,0,410,85,1015
-5805312977254070903_121-14_16_31_31,-5805312977254070903_121-14_16_31,healthy,healthy-cocoa-leaf,720,304,912,663
-5805312977254070903_121-14_16_31_32,-5805312977254070903_121-14_16_31,healthy,healthy-cocoa-leaf,395,508,672,1091
-5805312977254070904_121-14_16_36_33,-5805312977254070904_121-14_16_36,healthy,healthy-cocoa-leaf,185,192,766,718
-5805312977254070910_121-14_17_10_34,-5805312977254070910_121-14_17_10,healthy,healthy-cocoa-leaf,307,401,547,915
-5805312977254070911_121-14_17_49_35,-5805312977254070911_121-14_17_49,healthy,healthy-cocoa-leaf,0,0,337,158
-5805312977254070911_121-14_17_49_36,-5805312977254070911_121-14_17_49,healthy,healthy-cocoa-leaf,571,897,842,1122
-5805312977254070911_121-14_17_49_37,-5805312977254070911_121-14_17_49,healthy,healthy-cocoa-leaf,863,1161,960,1280
-5805312977254070917_121-14_18_22_38,-5805312977254070917_121-14_18_22,healthy,healthy-cocoa-leaf,751,368,960,727
-5805312977254070917_121-14_18_22_39,-5805312977254070917_121-14_18_22,healthy,healthy-cocoa-leaf,480,502,875,885
-5805312977254070917_121-14_18_22_40,-5805312977254070917_121-14_18_22,healthy,healthy-cocoa-leaf,419,289,726,638
-5805312977254070918_121-14_18_28_41,-5805312977254070918_121-14_18_28,healthy,healthy-cocoa-leaf,0,1019,358,1280
-5805312977254070918_121-14_18_28_42,-5805312977254070918_121-14_18_28,healthy,healthy-cocoa-leaf,659,660,960,1280
-5805312977254070919_121-14_18_33_43,-5805312977254070919_121-14_18_33,healthy,healthy-cocoa-leaf,0,812,285,1101
-5805312977254070919_121-14_18_33_44,-5805312977254070919_121-14_18_33,healthy,healthy-cocoa-leaf,97,1034,486,1280
-5805312977254070920_121-14_18_39_45,-5805312977254070920_121-14_18_39,healthy,healthy-cocoa-leaf,0,863,228,1152
-5805312977254070920_121-14_18_39_46,-5805312977254070920_121-14_18_39,healthy,healthy-cocoa-leaf,143,1019,398,1280
-5805312977254070920_121-14_18_39_47,-5805312977254070920_121-14_18_39,healthy,healthy-cocoa-leaf,596,398,769,638
-5805312977254070920_121-14_18_39_48,-5805312977254070920_121-14_18_39,healthy,healthy-cocoa-leaf,0,307,155,517
-5805312977254070921_121-14_19_14_49,-5805312977254070921_121-14_19_14,healthy,healthy-cocoa-leaf,70,337,706,616
-5805312977254070921_121-14_19_14_50,-5805312977254070921_121-14_19_14,healthy,healthy-cocoa-leaf,40,0,184,262
-5805312977254070922_121-14_19_18_51,-5805312977254070922_121-14_19_18,healthy,healthy-cocoa-leaf,364,164,760,1280
-5805312977254070922_121-14_19_18_52,-5805312977254070922_121-14_19_18,healthy,healthy-cocoa-leaf,0,12,206,593
-5805312977254070923_121-14_19_23_53,-5805312977254070923_121-14_19_23,healthy,healthy-cocoa-leaf,0,426,1139,773
-5805312977254070924_121-14_19_28_54,-5805312977254070924_121-14_19_28,healthy,healthy-cocoa-leaf,79,93,1133,522
-5805312977254070925_121-14_19_33_55,-5805312977254070925_121-14_19_33,healthy,healthy-cocoa-leaf,127,94,772,1280
-5805312977254070925_121-14_19_33_56,-5805312977254070925_121-14_19_33,healthy,healthy-cocoa-leaf,532,185,872,1025
-5805312977254070926_121-14_19_38_57,-5805312977254070926_121-14_19_38,healthy,healthy-cocoa-leaf,732,15,960,377
-5805312977254070927_121-14_19_44_58,-5805312977254070927_121-14_19_44,healthy,healthy-cocoa-leaf,0,0,870,260
-5805312977254070928_121-14_19_50_59,-5805312977254070928_121-14_19_50,healthy,healthy-cocoa-leaf,726,228,924,602
-5805312977254070928_121-14_19_50_60,-5805312977254070928_121-14_19_50,healthy,healthy-cocoa-leaf,383,684,836,1155
-5805312977254070938_121-14_22_39_61,-5805312977254070938_121-14_22_39,healthy,healthy-cocoa-leaf,179,383,483,842
-5805312977254070939_121-14_22_54_62,-5805312977254070939_121-14_22_54,healthy,healthy-cocoa-leaf,0,572,264,784
-5805312977254070939_121-14_22_54_63,-5805312977254070939_121-14_22_54,healthy,healthy-cocoa-leaf,550,654,839,1225
-5805312977254070939_121-14_22_54_64,-5805312977254070939_121-14_22_54,healthy,healthy-cocoa-leaf,781,766,960,1280
-5805312977254070940_121-14_22_59_65,-5805312977254070940_121-14_22_59,healthy,healthy-cocoa-leaf,243,368,781,1213
-5805312977254070940_121-14_22_59_66,-5805312977254070940_121-14_22_59,healthy,healthy-cocoa-leaf,589,21,930,331
-5805312977254070941_121-14_24_24_67,-5805312977254070941_121-14_24_24,healthy,healthy-cocoa-leaf,529,523,845,939
-5805312977254070941_121-14_24_24_68,-5805312977254070941_121-14_24_24,healthy,healthy-cocoa-leaf,264,435,538,754
-5805312977254070942_121-14_37_39_69,-5805312977254070942_121-14_37_39,healthy,healthy-cocoa-leaf,310,392,571,1101
-5805312977254070942_121-14_37_39_70,-5805312977254070942_121-14_37_39,healthy,healthy-cocoa-leaf,629,413,960,666
-5805312977254070943_121-14_37_46_71,-5805312977254070943_121-14_37_46,healthy,healthy-cocoa-leaf,623,486,960,1064
-5805312977254070943_121-14_37_46_72,-5805312977254070943_121-14_37_46,healthy,healthy-cocoa-leaf,395,85,869,505
-5805312977254070944_121-14_37_52_73,-5805312977254070944_121-14_37_52,healthy,healthy-cocoa-leaf,425,626,772,1280
-5805312977254070945_121-14_37_57_74,-5805312977254070945_121-14_37_57,healthy,healthy-cocoa-leaf,374,465,821,1031
-5805312977254070945_121-14_37_57_75,-5805312977254070945_121-14_37_57,healthy,healthy-cocoa-leaf,0,0,711,401
-5805312977254070947_121-14_38_13_76,-5805312977254070947_121-14_38_13,healthy,healthy-cocoa-leaf,118,103,802,1146
-5805312977254070955_121-14_40_10_77,-5805312977254070955_121-14_40_10,healthy,healthy-cocoa-leaf,0,319,136,714
-5805312977254070955_121-14_40_10_78,-5805312977254070955_121-14_40_10,healthy,healthy-cocoa-leaf,486,310,653,815
-5805312977254070955_121-14_40_10_79,-5805312977254070955_121-14_40_10,healthy,healthy-cocoa-leaf,641,0,900,337
-5805312977254070956_121-14_40_15_80,-5805312977254070956_121-14_40_15,healthy,healthy-cocoa-leaf,24,401,334,912
-5805312977254070956_121-14_40_15_81,-5805312977254070956_121-14_40_15,healthy,healthy-cocoa-leaf,215,295,577,967
-5805312977254070957_121-14_40_22_82,-5805312977254070957_121-14_40_22,healthy,healthy-cocoa-leaf,346,666,817,1055
-5805312977254070957_121-14_40_22_83,-5805312977254070957_121-14_40_22,healthy,healthy-cocoa-leaf,0,164,307,365
-5805312977254070957_121-14_40_22_84,-5805312977254070957_121-14_40_22,healthy,healthy-cocoa-leaf,0,0,243,228
-5805312977254070957_121-14_40_22_85,-5805312977254070957_121-14_40_22,healthy,healthy-cocoa-leaf,453,182,851,490
-5805312977254070958_121-14_40_26_86,-5805312977254070958_121-14_40_26,healthy,healthy-cocoa-leaf,398,12,900,593
-5805312977254070958_121-14_40_26_87,-5805312977254070958_121-14_40_26,healthy,healthy-cocoa-leaf,133,286,699,648
-5805312977254070959_121-14_40_32_88,-5805312977254070959_121-14_40_32,healthy,healthy-cocoa-leaf,0,185,219,699
-5805312977254070959_121-14_40_32_89,-5805312977254070959_121-14_40_32,healthy,healthy-cocoa-leaf,0,106,605,1134
-5805312977254070959_121-14_40_32_90,-5805312977254070959_121-14_40_32,healthy,healthy-cocoa-leaf,407,58,960,918
-5805312977254070964_121-14_42_10_91,-5805312977254070964_121-14_42_10,healthy,healthy-cocoa-leaf,0,230,882,739
-5805312977254070964_121-14_42_10_92,-5805312977254070964_121-14_42_10,healthy,healthy-cocoa-leaf,36,661,763,960
-5805312977254070964_121-14_42_10_93,-5805312977254070964_121-14_42_10,healthy,healthy-cocoa-leaf,759,643,1114,960
-5805312977254070965_121-14_42_15_94,-5805312977254070965_121-14_42_15,healthy,healthy-cocoa-leaf,246,0,614,261
-5805312977254070965_121-14_42_15_95,-5805312977254070965_121-14_42_15,healthy,healthy-cocoa-leaf,0,70,228,453
-5805312977254070965_121-14_42_15_96,-5805312977254070965_121-14_42_15,healthy,healthy-cocoa-leaf,684,15,960,432
-5805312977254070966_121-14_42_21_97,-5805312977254070966_121-14_42_21,healthy,healthy-cocoa-leaf,0,313,179,733
-5805312977254070966_121-14_42_21_98,-5805312977254070966_121-14_42_21,healthy,healthy-cocoa-leaf,133,438,547,988
-5805312977254070966_121-14_42_21_99,-5805312977254070966_121-14_42_21,healthy,healthy-cocoa-leaf,559,353,960,1192
-5805312977254070967_121-14_42_27_100,-5805312977254070967_121-14_42_27,healthy,healthy-cocoa-leaf,9,413,437,1183
-5805312977254070967_121-14_42_27_101,-5805312977254070967_121-14_42_27,healthy,healthy-cocoa-leaf,377,483,960,1098
-5805312977254070967_121-14_42_27_102,-5805312977254070967_121-14_42_27,healthy,healthy-cocoa-leaf,219,824,708,1280
-5805312977254070971_121-14_44_30_103,-5805312977254070971_121-14_44_30,healthy,healthy-cocoa-leaf,52,433,827,805
-5805312977254070971_121-14_44_30_104,-5805312977254070971_121-14_44_30,healthy,healthy-cocoa-leaf,198,75,350,233
-5805312977254070971_121-14_44_30_105,-5805312977254070971_121-14_44_30,healthy,healthy-cocoa-leaf,412,59,576,285
-5805312977254070971_121-14_44_30_106,-5805312977254070971_121-14_44_30,healthy,healthy-cocoa-leaf,125,857,706,960
-5805312977254070972_121-14_44_37_107,-5805312977254070972_121-14_44_37,healthy,healthy-cocoa-leaf,0,458,786,800
-5805312977254070972_121-14_44_37_108,-5805312977254070972_121-14_44_37,healthy,healthy-cocoa-leaf,0,82,282,524
-5805312977254070972_121-14_44_37_109,-5805312977254070972_121-14_44_37,healthy,healthy-cocoa-leaf,186,32,407,363
-5805312977254070973_121-14_44_42_110,-5805312977254070973_121-14_44_42,healthy,healthy-cocoa-leaf,510,122,872,973
-5805312977254070973_121-14_44_42_111,-5805312977254070973_121-14_44_42,healthy,healthy-cocoa-leaf,88,1000,206,1280
-5805312977254070973_121-14_44_42_112,-5805312977254070973_121-14_44_42,healthy,healthy-cocoa-leaf,194,331,401,581
-5805312977254070974_121-14_44_47_113,-5805312977254070974_121-14_44_47,healthy,healthy-cocoa-leaf,179,58,881,1280
-5805312977254070975_121-14_44_52_114,-5805312977254070975_121-14_44_52,healthy,healthy-cocoa-leaf,304,240,766,1225
-5805312977254070975_121-14_44_52_115,-5805312977254070975_121-14_44_52,healthy,healthy-cocoa-leaf,0,523,237,894
-5805312977254070976_121-14_44_57_116,-5805312977254070976_121-14_44_57,healthy,healthy-cocoa-leaf,152,294,918,661
-5805312977254070976_121-14_44_57_117,-5805312977254070976_121-14_44_57,healthy,healthy-cocoa-leaf,914,0,1244,292
-5805312977254070977_121-14_45_2_118,-5805312977254070977_121-14_45_2,healthy,healthy-cocoa-leaf,559,97,960,307
-5805312977254070977_121-14_45_2_119,-5805312977254070977_121-14_45_2,healthy,healthy-cocoa-leaf,620,459,821,1174
-5805312977254070977_121-14_45_2_120,-5805312977254070977_121-14_45_2,healthy,healthy-cocoa-leaf,206,362,465,912
-5805312977254070978_121-14_45_7_121,-5805312977254070978_121-14_45_7,healthy,healthy-cocoa-leaf,0,292,361,730
-5805312977254070978_121-14_45_7_122,-5805312977254070978_121-14_45_7,healthy,healthy-cocoa-leaf,0,52,331,417
-5805312977254070978_121-14_45_7_123,-5805312977254070978_121-14_45_7,healthy,healthy-cocoa-leaf,377,608,602,1280
-5805312977254070978_121-14_45_7_124,-5805312977254070978_121-14_45_7,healthy,healthy-cocoa-leaf,659,520,830,936
-5805312977254070978_121-14_45_7_125,-5805312977254070978_121-14_45_7,healthy,healthy-cocoa-leaf,553,721,763,1280
-5805312977254070979_121-14_45_11_126,-5805312977254070979_121-14_45_11,healthy,healthy-cocoa-leaf,310,380,796,1171
-5805312977254070979_121-14_45_11_127,-5805312977254070979_121-14_45_11,healthy,healthy-cocoa-leaf,136,505,395,918
-5805312977254070979_121-14_45_11_128,-5805312977254070979_121-14_45_11,healthy,healthy-cocoa-leaf,580,797,960,1210
-5805312977254070980_121-14_45_17_129,-5805312977254070980_121-14_45_17,healthy,healthy-cocoa-leaf,0,88,586,1015
-5805312977254070980_121-14_45_17_130,-5805312977254070980_121-14_45_17,healthy,healthy-cocoa-leaf,291,225,866,1198
-5805312977254070984_121-14_46_26_131,-5805312977254070984_121-14_46_26,healthy,healthy-cocoa-leaf,191,505,547,1174
-5805312977254070984_121-14_46_26_132,-5805312977254070984_121-14_46_26,healthy,healthy-cocoa-leaf,632,182,960,727
-5805312977254070985_121-14_46_30_133,-5805312977254070985_121-14_46_30,healthy,healthy-cocoa-leaf,295,432,586,952
-5805312977254070985_121-14_46_30_134,-5805312977254070985_121-14_46_30,healthy,healthy-cocoa-leaf,0,301,246,490
-5805312977254070986_121-14_46_36_135,-5805312977254070986_121-14_46_36,healthy,healthy-cocoa-leaf,133,459,419,1186
-5805312977254070986_121-14_46_36_136,-5805312977254070986_121-14_46_36,healthy,healthy-cocoa-leaf,0,213,188,447
-5805312977254070987_121-14_46_41_137,-5805312977254070987_121-14_46_41,healthy,healthy-cocoa-leaf,279,459,741,839
-5805312977254070988_121-14_46_46_138,-5805312977254070988_121-14_46_46,healthy,healthy-cocoa-leaf,167,268,699,1253
-5805312977254070988_121-14_46_46_139,-5805312977254070988_121-14_46_46,healthy,healthy-cocoa-leaf,0,106,249,365
-5805312977254070991_121-15_0_0_140,-5805312977254070991_121-15_0_0,healthy,healthy-cocoa-leaf,371,192,793,930
-5805312977254070992_121-15_0_4_141,-5805312977254070992_121-15_0_4,healthy,healthy-cocoa-leaf,440,237,772,1058
-5805312977254070992_121-15_0_4_142,-5805312977254070992_121-15_0_4,healthy,healthy-cocoa-leaf,18,234,179,651
-5805312977254070993_121-15_0_9_143,-5805312977254070993_121-15_0_9,healthy,healthy-cocoa-leaf,182,353,547,1028
-5805312977254070993_121-15_0_9_144,-5805312977254070993_121-15_0_9,healthy,healthy-cocoa-leaf,571,24,960,468
-5805312977254070993_121-15_0_9_145,-5805312977254070993_121-15_0_9,healthy,healthy-cocoa-leaf,623,337,960,678
-5805312977254070993_121-15_0_9_146,-5805312977254070993_121-15_0_9,healthy,healthy-cocoa-leaf,24,79,243,307
-5805312977254070994_121-15_0_15_147,-5805312977254070994_121-15_0_15,healthy,healthy-cocoa-leaf,139,201,577,508
-5805312977254070994_121-15_0_15_148,-5805312977254070994_121-15_0_15,healthy,healthy-cocoa-leaf,139,751,395,1031
-5805312977254070995_121-15_0_19_149,-5805312977254070995_121-15_0_19,healthy,healthy-cocoa-leaf,392,67,665,1228
-5805312977254070996_121-15_4_31_150,-5805312977254070996_121-15_4_31,healthy,healthy-cocoa-leaf,0,43,352,374
-5805312977254070996_121-15_4_31_151,-5805312977254070996_121-15_4_31,healthy,healthy-cocoa-leaf,185,76,839,1280
-5805312977254070997_121-15_4_38_152,-5805312977254070997_121-15_4_38,healthy,healthy-cocoa-leaf,389,103,729,465
-5805312977254070997_121-15_4_38_153,-5805312977254070997_121-15_4_38,healthy,healthy-cocoa-leaf,793,225,927,477
-5805312977254070998_121-15_4_43_154,-5805312977254070998_121-15_4_43,healthy,healthy-cocoa-leaf,266,322,943,648
-5805312977254070998_121-15_4_43_155,-5805312977254070998_121-15_4_43,healthy,healthy-cocoa-leaf,54,265,330,363
-5805312977254070999_121-15_4_48_156,-5805312977254070999_121-15_4_48,healthy,healthy-cocoa-leaf,288,125,745,830
-5805312977254070999_121-15_4_48_157,-5805312977254070999_121-15_4_48,healthy,healthy-cocoa-leaf,632,733,960,1280
-5805312977254071000_121-15_5_39_158,-5805312977254071000_121-15_5_39,healthy,healthy-cocoa-leaf,179,635,596,1244
-5805312977254071000_121-15_5_39_159,-5805312977254071000_121-15_5_39,healthy,healthy-cocoa-leaf,88,0,395,158
-5805312977254071001_121-15_10_29_160,-5805312977254071001_121-15_10_29,healthy,healthy-cocoa-leaf,0,265,556,976
-5805312977254071001_121-15_10_29_161,-5805312977254071001_121-15_10_29,healthy,healthy-cocoa-leaf,401,678,884,1277
-5805312977254071002_121-15_10_34_162,-5805312977254071002_121-15_10_34,healthy,healthy-cocoa-leaf,146,632,675,1280
-5805312977254071002_121-15_10_34_163,-5805312977254071002_121-15_10_34,healthy,healthy-cocoa-leaf,0,268,170,648
-5805312977254071003_121-15_10_38_164,-5805312977254071003_121-15_10_38,healthy,healthy-cocoa-leaf,51,499,331,851
-5805312977254071003_121-15_10_38_165,-5805312977254071003_121-15_10_38,healthy,healthy-cocoa-leaf,386,602,748,1204
-5805312977254071003_121-15_10_38_166,-5805312977254071003_121-15_10_38,healthy,healthy-cocoa-leaf,757,222,960,1095
-5805312977254071003_121-15_10_38_167,-5805312977254071003_121-15_10_38,healthy,healthy-cocoa-leaf,298,58,735,508
-5805312977254071003_121-15_10_38_168,-5805312977254071003_121-15_10_38,healthy,healthy-cocoa-leaf,45,0,480,277
-5805312977254071004_121-15_10_42_169,-5805312977254071004_121-15_10_42,healthy,healthy-cocoa-leaf,3,158,696,939
-5805312977254071004_121-15_10_42_170,-5805312977254071004_121-15_10_42,healthy,healthy-cocoa-leaf,158,1006,468,1280
-5805312977254071005_121-15_10_46_171,-5805312977254071005_121-15_10_46,healthy,healthy-cocoa-leaf,215,265,693,1280
-5805312977254071005_121-15_10_46_172,-5805312977254071005_121-15_10_46,healthy,healthy-cocoa-leaf,45,474,328,946
-5805312977254071005_121-15_10_46_173,-5805312977254071005_121-15_10_46,healthy,healthy-cocoa-leaf,565,420,909,909
-5805312977254071006_121-15_10_50_174,-5805312977254071006_121-15_10_50,healthy,healthy-cocoa-leaf,112,587,462,1280
-5805312977254071006_121-15_10_50_175,-5805312977254071006_121-15_10_50,healthy,healthy-cocoa-leaf,346,614,830,1247
-5805312977254071006_121-15_10_50_176,-5805312977254071006_121-15_10_50,healthy,healthy-cocoa-leaf,416,496,960,827
-5805312977254071006_121-15_10_50_177,-5805312977254071006_121-15_10_50,healthy,healthy-cocoa-leaf,21,9,304,280
-5805312977254071007_121-15_10_55_178,-5805312977254071007_121-15_10_55,healthy,healthy-cocoa-leaf,240,520,824,839
-5805312977254071007_121-15_10_55_179,-5805312977254071007_121-15_10_55,healthy,healthy-cocoa-leaf,33,654,842,1076
-5805312977254071007_121-15_10_55_180,-5805312977254071007_121-15_10_55,healthy,healthy-cocoa-leaf,802,322,960,648
-5805312977254071008_121-15_11_1_181,-5805312977254071008_121-15_11_1,healthy,healthy-cocoa-leaf,0,976,401,1280
-5805312977254071008_121-15_11_1_182,-5805312977254071008_121-15_11_1,healthy,healthy-cocoa-leaf,18,152,778,1231
-5805312977254071010_121-15_11_11_183,-5805312977254071010_121-15_11_11,healthy,healthy-cocoa-leaf,0,806,459,1280
-5805312977254071010_121-15_11_11_184,-5805312977254071010_121-15_11_11,healthy,healthy-cocoa-leaf,717,61,960,657
-5805312977254071011_121-15_12_6_185,-5805312977254071011_121-15_12_6,healthy,healthy-cocoa-leaf,401,261,857,1043
-5805312977254071011_121-15_12_6_186,-5805312977254071011_121-15_12_6,healthy,healthy-cocoa-leaf,161,46,410,407
-5805312977254071012_121-15_12_10_187,-5805312977254071012_121-15_12_10,healthy,healthy-cocoa-leaf,57,398,592,1028
-5805312977254071012_121-15_12_10_188,-5805312977254071012_121-15_12_10,healthy,healthy-cocoa-leaf,565,1091,912,1280
-5805312977254071012_121-15_12_10_189,-5805312977254071012_121-15_12_10,healthy,healthy-cocoa-leaf,523,812,839,1180
-5805312977254071013_121-15_12_14_190,-5805312977254071013_121-15_12_14,healthy,healthy-cocoa-leaf,0,839,471,1262
-5805312977254071013_121-15_12_14_191,-5805312977254071013_121-15_12_14,healthy,healthy-cocoa-leaf,389,988,684,1280
-5805312977254071013_121-15_12_14_192,-5805312977254071013_121-15_12_14,healthy,healthy-cocoa-leaf,319,97,897,1280
-5805312977254071014_121-15_12_18_193,-5805312977254071014_121-15_12_18,healthy,healthy-cocoa-leaf,246,474,851,1280
-5805312977254071015_121-15_12_23_194,-5805312977254071015_121-15_12_23,healthy,healthy-cocoa-leaf,273,97,808,1280
-5805312977254071015_121-15_12_23_195,-5805312977254071015_121-15_12_23,healthy,healthy-cocoa-leaf,0,0,559,316
-5805312977254071016_121-15_12_27_196,-5805312977254071016_121-15_12_27,healthy,healthy-cocoa-leaf,0,33,565,638
-5805312977254071017_121-15_12_32_197,-5805312977254071017_121-15_12_32,healthy,healthy-cocoa-leaf,4,280,287,698
-5805312977254071017_121-15_12_32_198,-5805312977254071017_121-15_12_32,healthy,healthy-cocoa-leaf,492,262,797,702
-5805312977254071018_121-15_12_36_199,-5805312977254071018_121-15_12_36,healthy,healthy-cocoa-leaf,197,258,696,946
-5805312977254071018_121-15_12_36_200,-5805312977254071018_121-15_12_36,healthy,healthy-cocoa-leaf,0,134,462,389
-5805312977254071023_121-15_13_33_201,-5805312977254071023_121-15_13_33,healthy,healthy-cocoa-leaf,0,210,690,1183
-5805312977254071023_121-15_13_33_202,-5805312977254071023_121-15_13_33,healthy,healthy-cocoa-leaf,775,474,960,882
-5805312977254071023_121-15_13_33_203,-5805312977254071023_121-15_13_33,healthy,healthy-cocoa-leaf,814,985,960,1280
-5805312977254071024_121-15_13_38_204,-5805312977254071024_121-15_13_38,healthy,healthy-cocoa-leaf,368,198,702,827
-5805312977254071024_121-15_13_38_205,-5805312977254071024_121-15_13_38,healthy,healthy-cocoa-leaf,91,444,626,1022
-5805312977254071025_121-15_13_44_206,-5805312977254071025_121-15_13_44,healthy,healthy-cocoa-leaf,425,106,960,748
-5805312977254071025_121-15_13_44_207,-5805312977254071025_121-15_13_44,healthy,healthy-cocoa-leaf,0,21,346,395
-5805312977254071026_121-15_13_48_208,-5805312977254071026_121-15_13_48,healthy,healthy-cocoa-leaf,231,88,757,757
-5805312977254071027_121-15_13_53_209,-5805312977254071027_121-15_13_53,healthy,healthy-cocoa-leaf,167,532,596,1064
-5805312977254071030_121-15_14_9_210,-5805312977254071030_121-15_14_9,healthy,healthy-cocoa-leaf,0,231,605,1022
-5805312977254071030_121-15_14_9_211,-5805312977254071030_121-15_14_9,healthy,healthy-cocoa-leaf,468,407,903,1280
-5805312977254071031_121-15_14_15_212,-5805312977254071031_121-15_14_15,healthy,healthy-cocoa-leaf,374,730,912,1280
-5805312977254071031_121-15_14_15_213,-5805312977254071031_121-15_14_15,healthy,healthy-cocoa-leaf,200,231,489,897
-5805312977254071031_121-15_14_15_214,-5805312977254071031_121-15_14_15,healthy,healthy-cocoa-leaf,580,167,918,608
-5805312977254071032_121-15_14_52_215,-5805312977254071032_121-15_14_52,healthy,healthy-cocoa-leaf,541,128,842,337
-5805312977254071032_121-15_14_52_216,-5805312977254071032_121-15_14_52,healthy,healthy-cocoa-leaf,322,213,672,900
-5805312977254071033_121-15_14_57_217,-5805312977254071033_121-15_14_57,healthy,healthy-cocoa-leaf,234,562,784,1240
-5805312977254071033_121-15_14_57_218,-5805312977254071033_121-15_14_57,healthy,healthy-cocoa-leaf,0,195,456,486
-5805312977254071035_121-15_15_3_219,-5805312977254071035_121-15_15_3,healthy,healthy-cocoa-leaf,70,531,667,882
-5805312977254071035_121-15_15_3_220,-5805312977254071035_121-15_15_3,healthy,healthy-cocoa-leaf,305,390,651,581
-5805312977254071036_121-15_15_14_221,-5805312977254071036_121-15_15_14,healthy,healthy-cocoa-leaf,471,623,960,952
-5805312977254071036_121-15_15_14_222,-5805312977254071036_121-15_15_14,healthy,healthy-cocoa-leaf,404,873,954,1070
-5805312977254071036_121-15_15_14_223,-5805312977254071036_121-15_15_14,healthy,healthy-cocoa-leaf,164,386,407,845
-5805312977254071038_121-15_15_34_224,-5805312977254071038_121-15_15_34,healthy,healthy-cocoa-leaf,118,210,787,1280
-5805312977254071039_121-15_15_40_225,-5805312977254071039_121-15_15_40,healthy,healthy-cocoa-leaf,0,216,279,1049
-5805312977254071039_121-15_15_40_226,-5805312977254071039_121-15_15_40,healthy,healthy-cocoa-leaf,361,58,945,739
-5805312977254071040_121-15_15_45_227,-5805312977254071040_121-15_15_45,healthy,healthy-cocoa-leaf,264,550,889,857
-5805312977254071040_121-15_15_45_228,-5805312977254071040_121-15_15_45,healthy,healthy-cocoa-leaf,412,171,1062,438
-5805312977254071041_121-15_15_53_229,-5805312977254071041_121-15_15_53,healthy,healthy-cocoa-leaf,113,169,1060,709
-5805312977254071042_121-15_16_13_230,-5805312977254071042_121-15_16_13,healthy,healthy-cocoa-leaf,121,344,653,1098
-5805312977254071043_121-15_16_55_231,-5805312977254071043_121-15_16_55,healthy,healthy-cocoa-leaf,176,100,799,1079
-5805312977254071044_121-15_17_0_232,-5805312977254071044_121-15_17_0,healthy,healthy-cocoa-leaf,158,207,811,879
-5805312977254071045_121-15_17_5_233,-5805312977254071045_121-15_17_5,healthy,healthy-cocoa-leaf,225,216,510,912
-5805312977254071045_121-15_17_5_234,-5805312977254071045_121-15_17_5,healthy,healthy-cocoa-leaf,465,228,802,982
-5805312977254071045_121-15_17_5_235,-5805312977254071045_121-15_17_5,healthy,healthy-cocoa-leaf,0,24,276,420
-5805312977254071047_121-15_17_13_236,-5805312977254071047_121-15_17_13,healthy,healthy-cocoa-leaf,301,608,960,1280
-5805312977254071048_121-15_17_22_237,-5805312977254071048_121-15_17_22,healthy,healthy-cocoa-leaf,0,192,288,809
-5805312977254071048_121-15_17_22_238,-5805312977254071048_121-15_17_22,healthy,healthy-cocoa-leaf,325,313,690,1110
-5805312977254071049_121-15_17_31_239,-5805312977254071049_121-15_17_31,healthy,healthy-cocoa-leaf,371,0,678,392
-5805312977254071049_121-15_17_31_240,-5805312977254071049_121-15_17_31,healthy,healthy-cocoa-leaf,54,456,447,1104
-5805312977254071051_121-15_17_46_241,-5805312977254071051_121-15_17_46,healthy,healthy-cocoa-leaf,471,374,927,1277
-5805312977254071051_121-15_17_46_242,-5805312977254071051_121-15_17_46,cssvd,cocoa-swollen-shoot-virus-leaf,106,94,653,1280
-5805312977254071052_121-15_17_52_243,-5805312977254071052_121-15_17_52,healthy,healthy-cocoa-leaf,77,18,1126,946
-5805312977254071053_121-15_20_39_244,-5805312977254071053_121-15_20_39,healthy,healthy-cocoa-leaf,0,299,788,709
-5805312977254071054_121-15_21_5_245,-5805312977254071054_121-15_21_5,healthy,healthy-cocoa-leaf,0,271,197,1019
-5805312977254071054_121-15_21_5_246,-5805312977254071054_121-15_21_5,healthy,healthy-cocoa-leaf,431,511,760,1064
-5805312977254071055_121-15_21_10_247,-5805312977254071055_121-15_21_10,healthy,healthy-cocoa-leaf,331,94,757,556
-5805312977254071055_121-15_21_10_248,-5805312977254071055_121-15_21_10,healthy,healthy-cocoa-leaf,6,3,352,283
-5805312977254071056_121-15_21_15_249,-5805312977254071056_121-15_21_15,healthy,healthy-cocoa-leaf,67,43,568,1158
-5805312977254071060_121-15_21_34_250,-5805312977254071060_121-15_21_34,healthy,healthy-cocoa-leaf,176,182,735,1061
-5805312977254071061_121-15_21_39_251,-5805312977254071061_121-15_21_39,healthy,healthy-cocoa-leaf,152,258,623,1171
-5805312977254071061_121-15_21_39_252,-5805312977254071061_121-15_21_39,healthy,healthy-cocoa-leaf,510,182,948,860
-5805312977254071062_121-15_21_45_253,-5805312977254071062_121-15_21_45,healthy,healthy-cocoa-leaf,237,447,787,1280
-5805312977254071063_121-15_22_36_254,-5805312977254071063_121-15_22_36,healthy,healthy-cocoa-leaf,21,0,814,374
-5805312977254071064_121-15_22_43_255,-5805312977254071064_121-15_22_43,healthy,healthy-cocoa-leaf,0,79,401,857
-5805312977254071065_121-15_22_48_256,-5805312977254071065_121-15_22_48,healthy,healthy-cocoa-leaf,0,0,231,344
-5805312977254071065_121-15_22_48_257,-5805312977254071065_121-15_22_48,healthy,healthy-cocoa-leaf,0,231,200,681
-5805312977254071066_121-15_22_52_258,-5805312977254071066_121-15_22_52,healthy,healthy-cocoa-leaf,377,556,778,1204
-5805312977254071067_121-15_22_58_259,-5805312977254071067_121-15_22_58,healthy,healthy-cocoa-leaf,170,356,714,1240
-5805312977254071067_121-15_22_58_260,-5805312977254071067_121-15_22_58,healthy,healthy-cocoa-leaf,30,432,337,870
-5805312977254071068_121-15_23_4_261,-5805312977254071068_121-15_23_4,healthy,healthy-cocoa-leaf,322,246,948,1280
-5805312977254071071_121-15_23_24_262,-5805312977254071071_121-15_23_24,healthy,healthy-cocoa-leaf,170,225,720,946
-5805312977254071072_121-15_23_31_263,-5805312977254071072_121-15_23_31,healthy,healthy-cocoa-leaf,45,559,501,1265
-5805312977254071073_121-15_24_8_264,-5805312977254071073_121-15_24_8,healthy,healthy-cocoa-leaf,173,204,848,1046
-5805312977254071074_121-15_24_14_265,-5805312977254071074_121-15_24_14,healthy,healthy-cocoa-leaf,145,242,991,798
-5805312977254071077_121-15_24_30_266,-5805312977254071077_121-15_24_30,healthy,healthy-cocoa-leaf,249,593,775,1280
-5805312977254071078_121-15_24_36_267,-5805312977254071078_121-15_24_36,healthy,healthy-cocoa-leaf,295,450,687,1085
-5805312977254071078_121-15_24_36_268,-5805312977254071078_121-15_24_36,healthy,healthy-cocoa-leaf,0,109,425,538
-5805312977254071079_121-15_24_42_269,-5805312977254071079_121-15_24_42,healthy,healthy-cocoa-leaf,0,219,681,1009
-5805312977254071080_121-15_24_57_270,-5805312977254071080_121-15_24_57,healthy,healthy-cocoa-leaf,516,325,824,1028
-5805312977254071081_121-15_25_3_271,-5805312977254071081_121-15_25_3,healthy,healthy-cocoa-leaf,0,258,143,669
-5805312977254071081_121-15_25_3_272,-5805312977254071081_121-15_25_3,healthy,healthy-cocoa-leaf,270,678,608,1174
-5805312977254071082_121-15_25_9_273,-5805312977254071082_121-15_25_9,healthy,healthy-cocoa-leaf,322,307,918,1049
-5805312977254071083_121-15_26_15_274,-5805312977254071083_121-15_26_15,healthy,healthy-cocoa-leaf,219,517,735,1049
-5805312977254071086_121-15_26_20_275,-5805312977254071086_121-15_26_20,healthy,healthy-cocoa-leaf,97,123,790,645
-5805312977254071090_121-15_26_24_276,-5805312977254071090_121-15_26_24,healthy,healthy-cocoa-leaf,0,620,273,1280
-5805312977254071090_121-15_26_24_277,-5805312977254071090_121-15_26_24,healthy,healthy-cocoa-leaf,261,629,571,1070
-5805312977254071094_121-15_26_29_278,-5805312977254071094_121-15_26_29,healthy,healthy-cocoa-leaf,264,480,690,1186
-5805312977254071094_121-15_26_29_279,-5805312977254071094_121-15_26_29,healthy,healthy-cocoa-leaf,562,356,960,1125
-5805312977254071097_121-15_26_35_280,-5805312977254071097_121-15_26_35,healthy,healthy-cocoa-leaf,152,711,960,1259
-5805312977254071101_121-15_26_45_281,-5805312977254071101_121-15_26_45,healthy,healthy-cocoa-leaf,234,344,675,1119
-5805312977254071101_121-15_26_45_282,-5805312977254071101_121-15_26_45,healthy,healthy-cocoa-leaf,82,131,836,359
-5805312977254071104_121-15_26_53_283,-5805312977254071104_121-15_26_53,healthy,healthy-cocoa-leaf,261,486,696,1280
-5805312977254071105_121-15_27_0_284,-5805312977254071105_121-15_27_0,healthy,healthy-cocoa-leaf,346,176,766,1140
-5805312977254071105_121-15_27_0_285,-5805312977254071105_121-15_27_0,healthy,healthy-cocoa-leaf,155,511,489,1085
-5805312977254071106_121-15_27_6_286,-5805312977254071106_121-15_27_6,healthy,healthy-cocoa-leaf,185,556,878,818
-5805312977254071106_121-15_27_6_287,-5805312977254071106_121-15_27_6,healthy,healthy-cocoa-leaf,48,389,696,684
-5805312977254071107_121-15_27_14_288,-5805312977254071107_121-15_27_14,healthy,healthy-cocoa-leaf,203,870,529,1280
-5805312977254071107_121-15_27_14_289,-5805312977254071107_121-15_27_14,healthy,healthy-cocoa-leaf,313,189,745,532
-5805312977254071107_121-15_27_14_290,-5805312977254071107_121-15_27_14,healthy,healthy-cocoa-leaf,541,18,906,304
-5805312977254071108_121-15_27_48_291,-5805312977254071108_121-15_27_48,healthy,healthy-cocoa-leaf,0,180,775,800
-5805312977254071109_121-15_27_54_292,-5805312977254071109_121-15_27_54,healthy,healthy-cocoa-leaf,191,161,845,1280
-5805312977254071110_121-15_30_50_293,-5805312977254071110_121-15_30_50,healthy,healthy-cocoa-leaf,419,499,1126,960
-5805312977254071111_121-15_30_59_294,-5805312977254071111_121-15_30_59,healthy,healthy-cocoa-leaf,97,85,754,1219
-5805312977254071112_121-15_31_3_295,-5805312977254071112_121-15_31_3,healthy,healthy-cocoa-leaf,22,230,1190,814
-5805312977254071114_121-15_31_16_296,-5805312977254071114_121-15_31_16,healthy,healthy-cocoa-leaf,307,587,726,1180
-5805312977254071115_121-15_31_25_297,-5805312977254071115_121-15_31_25,healthy,healthy-cocoa-leaf,267,569,693,1256
-5805312977254071118_121-15_32_36_298,-5805312977254071118_121-15_32_36,healthy,healthy-cocoa-leaf,249,204,659,708
-5805312977254071119_121-15_32_41_299,-5805312977254071119_121-15_32_41,healthy,healthy-cocoa-leaf,212,410,745,1234
-5805312977254071121_121-15_32_55_300,-5805312977254071121_121-15_32_55,healthy,healthy-cocoa-leaf,620,271,960,739
-5805312977254071121_121-15_32_55_301,-5805312977254071121_121-15_32_55,healthy,healthy-cocoa-leaf,0,435,243,736
-5805312977254071122_121-15_33_5_302,-5805312977254071122_121-15_33_5,healthy,healthy-cocoa-leaf,252,353,647,821
-5805312977254071122_121-15_33_5_303,-5805312977254071122_121-15_33_5,healthy,healthy-cocoa-leaf,0,547,130,1034
-5805312977254071123_121-15_33_14_304,-5805312977254071123_121-15_33_14,healthy,healthy-cocoa-leaf,67,334,638,1061
-5805312977254071124_121-15_33_23_305,-5805312977254071124_121-15_33_23,healthy,healthy-cocoa-leaf,252,347,808,1043
-5805312977254071126_121-15_33_36_306,-5805312977254071126_121-15_33_36,healthy,healthy-cocoa-leaf,364,341,717,1009
-5805312977254071127_121-15_33_42_307,-5805312977254071127_121-15_33_42,healthy,healthy-cocoa-leaf,124,520,656,1280
-5805312977254071129_121-15_34_59_308,-5805312977254071129_121-15_34_59,healthy,healthy-cocoa-leaf,267,407,678,949
-5805312977254071129_121-15_34_59_309,-5805312977254071129_121-15_34_59,healthy,healthy-cocoa-leaf,745,566,960,1201
-5805312977254071129_121-15_34_59_310,-5805312977254071129_121-15_34_59,healthy,healthy-cocoa-leaf,687,265,960,666
-5805312977254071130_121-15_35_11_311,-5805312977254071130_121-15_35_11,healthy,healthy-cocoa-leaf,136,383,520,818
-5805312977254071130_121-15_35_11_312,-5805312977254071130_121-15_35_11,healthy,healthy-cocoa-leaf,368,496,745,982
-5805312977254071131_121-15_35_43_313,-5805312977254071131_121-15_35_43,healthy,healthy-cocoa-leaf,650,635,948,1049
-5805312977254071131_121-15_35_43_314,-5805312977254071131_121-15_35_43,healthy,healthy-cocoa-leaf,440,456,720,939
-5805312977254071132_121-15_35_48_315,-5805312977254071132_121-15_35_48,healthy,healthy-cocoa-leaf,112,739,507,1280
-5805312977254071133_121-15_35_53_316,-5805312977254071133_121-15_35_53,healthy,healthy-cocoa-leaf,745,295,960,608
-5805312977254071133_121-15_35_53_317,-5805312977254071133_121-15_35_53,healthy,healthy-cocoa-leaf,705,745,960,1098
-5805312977254071134_121-15_35_59_318,-5805312977254071134_121-15_35_59,healthy,healthy-cocoa-leaf,267,648,507,1012
-5805312977254071134_121-15_35_59_319,-5805312977254071134_121-15_35_59,healthy,healthy-cocoa-leaf,489,599,723,897
-5805312977254071135_121-15_36_5_320,-5805312977254071135_121-15_36_5,healthy,healthy-cocoa-leaf,252,407,592,1113
-5805312977254071136_121-15_36_11_321,-5805312977254071136_121-15_36_11,healthy,healthy-cocoa-leaf,228,401,565,736
-5805312977254071136_121-15_36_11_322,-5805312977254071136_121-15_36_11,healthy,healthy-cocoa-leaf,571,851,772,1195
-5805312977254071136_121-15_36_11_323,-5805312977254071136_121-15_36_11,healthy,healthy-cocoa-leaf,447,9,589,210
-5805312977254071144_121-15_37_48_324,-5805312977254071144_121-15_37_48,healthy,healthy-cocoa-leaf,0,790,298,1280
-5805312977254071145_121-15_37_54_325,-5805312977254071145_121-15_37_54,healthy,healthy-cocoa-leaf,115,119,796,1280
-5805312977254071146_121-15_38_0_326,-5805312977254071146_121-15_38_0,healthy,healthy-cocoa-leaf,185,277,659,1052
-5805312977254071147_121-15_38_5_327,-5805312977254071147_121-15_38_5,healthy,healthy-cocoa-leaf,565,116,960,769
-5805312977254071147_121-15_38_5_328,-5805312977254071147_121-15_38_5,healthy,healthy-cocoa-leaf,0,879,398,1280
-5805312977254071148_121-15_39_43_329,-5805312977254071148_121-15_39_43,healthy,healthy-cocoa-leaf,638,237,1139,488
-5805312977254071148_121-15_39_43_330,-5805312977254071148_121-15_39_43,healthy,healthy-cocoa-leaf,0,148,120,566
-5805312977254071149_121-15_39_47_331,-5805312977254071149_121-15_39_47,healthy,healthy-cocoa-leaf,349,128,860,979
-5805312977254071150_121-15_39_51_332,-5805312977254071150_121-15_39_51,healthy,healthy-cocoa-leaf,48,344,848,876
-5805312977254071151_121-15_39_56_333,-5805312977254071151_121-15_39_56,healthy,healthy-cocoa-leaf,346,155,872,666
-5805312977254071151_121-15_39_56_334,-5805312977254071151_121-15_39_56,healthy,healthy-cocoa-leaf,191,784,720,1268
-5805312977254071152_121-15_40_0_335,-5805312977254071152_121-15_40_0,healthy,healthy-cocoa-leaf,358,608,693,1006
-5805312977254071152_121-15_40_0_336,-5805312977254071152_121-15_40_0,healthy,healthy-cocoa-leaf,97,319,434,508
-5805312977254071152_121-15_40_0_337,-5805312977254071152_121-15_40_0,healthy,healthy-cocoa-leaf,474,161,903,605
-5805312977254071153_121-15_40_4_338,-5805312977254071153_121-15_40_4,healthy,healthy-cocoa-leaf,378,353,1231,816
-5805312977254071153_121-15_40_4_339,-5805312977254071153_121-15_40_4,healthy,healthy-cocoa-leaf,382,645,1265,960
-5805312977254071154_121-15_41_28_340,-5805312977254071154_121-15_41_28,healthy,healthy-cocoa-leaf,259,702,1176,960
-5805312977254071154_121-15_41_28_341,-5805312977254071154_121-15_41_28,healthy,healthy-cocoa-leaf,1060,25,1280,351
-5805312977254071154_121-15_41_28_342,-5805312977254071154_121-15_41_28,healthy,healthy-cocoa-leaf,291,280,1224,839
-5805312977254071155_121-15_40_49_343,-5805312977254071155_121-15_40_49,healthy,healthy-cocoa-leaf,0,85,398,353
-5805312977254071155_121-15_40_49_344,-5805312977254071155_121-15_40_49,healthy,healthy-cocoa-leaf,204,566,663,793
-5805312977254071155_121-15_40_49_345,-5805312977254071155_121-15_40_49,healthy,healthy-cocoa-leaf,0,588,162,1214
-5805312977254071156_121-15_40_54_346,-5805312977254071156_121-15_40_54,healthy,healthy-cocoa-leaf,0,1070,337,1280
-5805312977254071156_121-15_40_54_347,-5805312977254071156_121-15_40_54,healthy,healthy-cocoa-leaf,492,112,897,341
-5805312977254071157_121-15_41_34_348,-5805312977254071157_121-15_41_34,healthy,healthy-cocoa-leaf,653,1043,960,1280
-5805312977254071157_121-15_41_34_349,-5805312977254071157_121-15_41_34,healthy,healthy-cocoa-leaf,401,566,687,1012
-5805312977254071158_121-15_44_5_350,-5805312977254071158_121-15_44_5,healthy,healthy-cocoa-leaf,0,356,219,790
-5805312977254071158_121-15_44_5_351,-5805312977254071158_121-15_44_5,healthy,healthy-cocoa-leaf,203,46,751,1015
-5805312977254071159_121-15_44_9_352,-5805312977254071159_121-15_44_9,healthy,healthy-cocoa-leaf,589,468,960,1280
-5805312977254071159_121-15_44_9_353,-5805312977254071159_121-15_44_9,healthy,healthy-cocoa-leaf,188,1043,550,1280
-5805312977254071160_121-15_44_13_354,-5805312977254071160_121-15_44_13,healthy,healthy-cocoa-leaf,62,21,391,165
-5805312977254071161_121-15_44_17_355,-5805312977254071161_121-15_44_17,healthy,healthy-cocoa-leaf,8,672,286,1087
-5805312977254071162_121-15_44_22_356,-5805312977254071162_121-15_44_22,healthy,healthy-cocoa-leaf,0,252,139,742
-5805312977254071162_121-15_44_22_357,-5805312977254071162_121-15_44_22,healthy,healthy-cocoa-leaf,0,660,228,1174
-5805312977254071162_121-15_44_22_358,-5805312977254071162_121-15_44_22,healthy,healthy-cocoa-leaf,149,310,556,1070
-5805312977254071163_121-15_44_26_359,-5805312977254071163_121-15_44_26,healthy,healthy-cocoa-leaf,0,193,209,603
-5805312977254071164_121-15_44_31_360,-5805312977254071164_121-15_44_31,healthy,healthy-cocoa-leaf,136,0,327,80
-5805312977254071164_121-15_44_31_361,-5805312977254071164_121-15_44_31,healthy,healthy-cocoa-leaf,0,0,198,169
-5805312977254071164_121-15_44_31_362,-5805312977254071164_121-15_44_31,healthy,healthy-cocoa-leaf,192,0,547,158
-5805312977254071164_121-15_44_31_363,-5805312977254071164_121-15_44_31,healthy,healthy-cocoa-leaf,231,1163,528,1280
-5805312977254071164_121-15_44_31_364,-5805312977254071164_121-15_44_31,healthy,healthy-cocoa-leaf,495,295,960,1280
-5805312977254071165_121-15_44_35_365,-5805312977254071165_121-15_44_35,healthy,healthy-cocoa-leaf,0,0,358,179
-5805312977254071165_121-15_44_35_366,-5805312977254071165_121-15_44_35,healthy,healthy-cocoa-leaf,0,657,434,1280
-5805312977254071165_121-15_44_35_367,-5805312977254071165_121-15_44_35,healthy,healthy-cocoa-leaf,155,237,605,1055
-5805312977254071166_121-15_44_40_368,-5805312977254071166_121-15_44_40,healthy,healthy-cocoa-leaf,684,20,826,407
-5805312977254071168_121-15_45_44_369,-5805312977254071168_121-15_45_44,healthy,healthy-cocoa-leaf,748,1061,960,1280
-5805312977254071169_121-15_45_50_370,-5805312977254071169_121-15_45_50,healthy,healthy-cocoa-leaf,637,186,960,652
-5805312977254071169_121-15_45_50_371,-5805312977254071169_121-15_45_50,healthy,healthy-cocoa-leaf,267,19,481,280
-5805312977254071170_121-15_45_55_372,-5805312977254071170_121-15_45_55,healthy,healthy-cocoa-leaf,0,18,407,562
-5805312977254071170_121-15_45_55_373,-5805312977254071170_121-15_45_55,healthy,healthy-cocoa-leaf,115,15,827,830
-5805312977254071171_121-15_46_2_374,-5805312977254071171_121-15_46_2,healthy,healthy-cocoa-leaf,532,131,960,1280
-5805312977254071171_121-15_46_2_375,-5805312977254071171_121-15_46_2,healthy,healthy-cocoa-leaf,121,21,711,976
-5805312977254071172_121-15_46_52_376,-5805312977254071172_121-15_46_52,healthy,healthy-cocoa-leaf,0,137,206,967
-5805312977254071173_121-15_46_59_377,-5805312977254071173_121-15_46_59,healthy,healthy-cocoa-leaf,51,362,307,666
-5805312977254071173_121-15_46_59_378,-5805312977254071173_121-15_46_59,healthy,healthy-cocoa-leaf,377,0,933,368
-5805312977254071174_121-15_47_10_379,-5805312977254071174_121-15_47_10,healthy,healthy-cocoa-leaf,0,79,751,1280
-5805312977254071175_121-15_47_19_380,-5805312977254071175_121-15_47_19,healthy,healthy-cocoa-leaf,146,189,814,1207
-5805312977254071181_121-15_48_36_381,-5805312977254071181_121-15_48_36,healthy,healthy-cocoa-leaf,85,295,498,1040
-5805312977254071181_121-15_48_36_382,-5805312977254071181_121-15_48_36,healthy,healthy-cocoa-leaf,735,681,954,973
-5805312977254071181_121-15_48_36_383,-5805312977254071181_121-15_48_36,healthy,healthy-cocoa-leaf,781,1058,960,1274
-5805312977254071182_121-15_48_41_384,-5805312977254071182_121-15_48_41,healthy,healthy-cocoa-leaf,39,277,492,535
-5805312977254071182_121-15_48_41_385,-5805312977254071182_121-15_48_41,healthy,healthy-cocoa-leaf,243,15,717,334
-5805312977254071182_121-15_48_41_386,-5805312977254071182_121-15_48_41,healthy,healthy-cocoa-leaf,3,444,763,821
-5805312977254071182_121-15_48_41_387,-5805312977254071182_121-15_48_41,healthy,healthy-cocoa-leaf,73,718,422,982
-5805312977254071183_121-15_48_53_388,-5805312977254071183_121-15_48_53,healthy,healthy-cocoa-leaf,349,204,623,1022
-5805312977254071183_121-15_48_53_389,-5805312977254071183_121-15_48_53,healthy,healthy-cocoa-leaf,0,240,237,842
-5805312977254071184_121-15_49_4_390,-5805312977254071184_121-15_49_4,healthy,healthy-cocoa-leaf,210,508,627,766
-5805312977254071184_121-15_49_4_391,-5805312977254071184_121-15_49_4,healthy,healthy-cocoa-leaf,199,907,472,1280
-5805312977254071184_121-15_49_4_392,-5805312977254071184_121-15_49_4,healthy,healthy-cocoa-leaf,743,664,960,993
-5805312977254071184_121-15_49_4_393,-5805312977254071184_121-15_49_4,healthy,healthy-cocoa-leaf,457,445,800,1169
-5805312977254071185_121-15_49_11_394,-5805312977254071185_121-15_49_11,healthy,healthy-cocoa-leaf,772,503,952,1066
-5805312977254071185_121-15_49_11_395,-5805312977254071185_121-15_49_11,healthy,healthy-cocoa-leaf,632,3,814,261
-5805312977254071185_121-15_49_11_396,-5805312977254071185_121-15_49_11,healthy,healthy-cocoa-leaf,0,0,371,143
-5805312977254071186_121-15_49_20_397,-5805312977254071186_121-15_49_20,healthy,healthy-cocoa-leaf,402,1120,699,1280
-5805312977254071186_121-15_49_20_398,-5805312977254071186_121-15_49_20,healthy,healthy-cocoa-leaf,278,142,461,368
-5805312977254071187_121-15_49_35_399,-5805312977254071187_121-15_49_35,healthy,healthy-cocoa-leaf,629,25,1082,616
-5805312977254071188_121-15_50_12_400,-5805312977254071188_121-15_50_12,healthy,healthy-cocoa-leaf,212,12,605,915
-5805312977254071188_121-15_50_12_401,-5805312977254071188_121-15_50_12,healthy,healthy-cocoa-leaf,428,58,960,1231
-5805312977254071189_121-15_50_16_402,-5805312977254071189_121-15_50_16,healthy,healthy-cocoa-leaf,62,20,242,380
-5805312977254071189_121-15_50_16_403,-5805312977254071189_121-15_50_16,healthy,healthy-cocoa-leaf,231,271,453,790
-5805312977254071190_121-15_50_22_404,-5805312977254071190_121-15_50_22,healthy,healthy-cocoa-leaf,225,170,875,1280
-5805312977254071190_121-15_50_22_405,-5805312977254071190_121-15_50_22,healthy,healthy-cocoa-leaf,380,0,821,365
-5805312977254071191_121-15_50_26_406,-5805312977254071191_121-15_50_26,healthy,healthy-cocoa-leaf,124,6,854,1280
-5805312977254071192_121-15_50_31_407,-5805312977254071192_121-15_50_31,healthy,healthy-cocoa-leaf,547,27,960,906
-5805312977254071193_121-15_50_42_408,-5805312977254071193_121-15_50_42,healthy,healthy-cocoa-leaf,291,319,626,1119
-5805312977254071193_121-15_50_42_409,-5805312977254071193_121-15_50_42,healthy,healthy-cocoa-leaf,513,27,672,295
-5805312977254071194_121-15_50_53_410,-5805312977254071194_121-15_50_53,healthy,healthy-cocoa-leaf,0,599,541,1280
-5805312977254071194_121-15_50_53_411,-5805312977254071194_121-15_50_53,healthy,healthy-cocoa-leaf,507,137,647,353
-5805312977254071195_121-15_51_0_412,-5805312977254071195_121-15_51_0,healthy,healthy-cocoa-leaf,112,58,571,1171
-5805312977254071196_121-15_51_7_413,-5805312977254071196_121-15_51_7,healthy,healthy-cocoa-leaf,325,371,568,1082
-5805312977254071196_121-15_51_7_414,-5805312977254071196_121-15_51_7,healthy,healthy-cocoa-leaf,24,845,276,1280
-5805312977254071196_121-15_51_7_415,-5805312977254071196_121-15_51_7,healthy,healthy-cocoa-leaf,0,696,264,1061
-5805312977254071196_121-15_51_7_416,-5805312977254071196_121-15_51_7,healthy,healthy-cocoa-leaf,237,927,626,1280
-5805312977254071196_121-15_51_7_417,-5805312977254071196_121-15_51_7,healthy,healthy-cocoa-leaf,70,268,404,787
-5805312977254071197_121-15_51_14_418,-5805312977254071197_121-15_51_14,healthy,healthy-cocoa-leaf,270,331,535,1253
-5805312977254071197_121-15_51_14_419,-5805312977254071197_121-15_51_14,healthy,healthy-cocoa-leaf,121,164,395,575
-5805312977254071198_121-15_54_15_420,-5805312977254071198_121-15_54_15,healthy,healthy-cocoa-leaf,619,164,1217,602
-5805312977254071198_121-15_54_15_421,-5805312977254071198_121-15_54_15,healthy,healthy-cocoa-leaf,271,483,1066,949
-5805312977254071199_121-15_54_22_422,-5805312977254071199_121-15_54_22,healthy,healthy-cocoa-leaf,0,0,234,301
-5805312977254071199_121-15_54_22_423,-5805312977254071199_121-15_54_22,healthy,healthy-cocoa-leaf,626,249,854,523
-5805312977254071199_121-15_54_22_424,-5805312977254071199_121-15_54_22,healthy,healthy-cocoa-leaf,762,703,960,970
-5805312977254071200_121-15_54_26_425,-5805312977254071200_121-15_54_26,healthy,healthy-cocoa-leaf,143,0,720,374
-5805312977254071200_121-15_54_26_426,-5805312977254071200_121-15_54_26,healthy,healthy-cocoa-leaf,215,474,741,1280
-5805312977254071201_121-15_54_31_427,-5805312977254071201_121-15_54_31,healthy,healthy-cocoa-leaf,188,100,817,867
-5805312977254071202_121-15_54_35_428,-5805312977254071202_121-15_54_35,healthy,healthy-cocoa-leaf,209,277,684,1234
-5805312977254071202_121-15_54_35_429,-5805312977254071202_121-15_54_35,healthy,healthy-cocoa-leaf,73,569,276,915
-5805312977254071202_121-15_54_35_430,-5805312977254071202_121-15_54_35,healthy,healthy-cocoa-leaf,9,949,255,1171
-5805312977254071203_121-15_54_49_431,-5805312977254071203_121-15_54_49,healthy,healthy-cocoa-leaf,775,863,960,1280
-5805312977254071203_121-15_54_49_432,-5805312977254071203_121-15_54_49,healthy,healthy-cocoa-leaf,468,578,763,1280
-5805312977254071203_121-15_54_49_433,-5805312977254071203_121-15_54_49,healthy,healthy-cocoa-leaf,623,21,960,562
-5805312977254071204_121-15_54_59_434,-5805312977254071204_121-15_54_59,healthy,healthy-cocoa-leaf,0,125,288,736
-5805312977254071204_121-15_54_59_435,-5805312977254071204_121-15_54_59,healthy,healthy-cocoa-leaf,231,325,748,1280
-5805312977254071205_121-15_55_6_436,-5805312977254071205_121-15_55_6,healthy,healthy-cocoa-leaf,4,66,1228,654
-5805312977254071206_121-15_55_14_437,-5805312977254071206_121-15_55_14,healthy,healthy-cocoa-leaf,0,0,255,249
-5805312977254071207_121-15_55_21_438,-5805312977254071207_121-15_55_21,healthy,healthy-cocoa-leaf,164,246,939,1277
-5805312977254071207_121-15_55_21_439,-5805312977254071207_121-15_55_21,healthy,healthy-cocoa-leaf,203,61,817,620
-5805312977254071208_121-15_55_59_440,-5805312977254071208_121-15_55_59,healthy,healthy-cocoa-leaf,264,268,419,1183
-5805312977254071208_121-15_55_59_441,-5805312977254071208_121-15_55_59,healthy,healthy-cocoa-leaf,146,261,447,754
-5805312977254071208_121-15_55_59_442,-5805312977254071208_121-15_55_59,healthy,healthy-cocoa-leaf,380,283,644,559
-5805312977254071209_121-15_56_6_443,-5805312977254071209_121-15_56_6,healthy,healthy-cocoa-leaf,0,0,273,654
-5805312977254071209_121-15_56_6_444,-5805312977254071209_121-15_56_6,healthy,healthy-cocoa-leaf,121,49,580,635
-5805312977254071210_121-15_56_12_445,-5805312977254071210_121-15_56_12,healthy,healthy-cocoa-leaf,0,529,127,794
-5805312977254071211_121-15_56_18_446,-5805312977254071211_121-15_56_18,healthy,healthy-cocoa-leaf,471,976,942,1280
-5805312977254071211_121-15_56_18_447,-5805312977254071211_121-15_56_18,healthy,healthy-cocoa-leaf,790,52,945,313
-5805312977254071213_121-15_56_30_448,-5805312977254071213_121-15_56_30,healthy,healthy-cocoa-leaf,754,164,960,295
-5805312977254071214_121-15_56_43_449,-5805312977254071214_121-15_56_43,healthy,healthy-cocoa-leaf,216,369,423,668
-5805312977254071214_121-15_56_43_450,-5805312977254071214_121-15_56_43,healthy,healthy-cocoa-leaf,287,401,683,700
-5805312977254071215_121-15_56_57_451,-5805312977254071215_121-15_56_57,healthy,healthy-cocoa-leaf,0,68,925,522
-5805312977254071216_121-15_57_4_452,-5805312977254071216_121-15_57_4,healthy,healthy-cocoa-leaf,451,27,1280,575
-5805312977254071216_121-15_57_4_453,-5805312977254071216_121-15_57_4,healthy,healthy-cocoa-leaf,100,458,854,737
-5805312977254071217_121-15_57_9_454,-5805312977254071217_121-15_57_9,healthy,healthy-cocoa-leaf,829,531,1251,937
-5805312977254071217_121-15_57_9_455,-5805312977254071217_121-15_57_9,healthy,healthy-cocoa-leaf,191,410,955,784
-5805312977254071218_121-15_57_45_456,-5805312977254071218_121-15_57_45,healthy,healthy-cocoa-leaf,339,217,971,588
-5805312977254071218_121-15_57_45_457,-5805312977254071218_121-15_57_45,healthy,healthy-cocoa-leaf,353,57,551,189
-5805312977254071218_121-15_57_45_458,-5805312977254071218_121-15_57_45,healthy,healthy-cocoa-leaf,428,132,592,315
-5805312977254071219_121-15_57_51_459,-5805312977254071219_121-15_57_51,healthy,healthy-cocoa-leaf,499,0,1219,173
-5805312977254071220_121-15_57_57_460,-5805312977254071220_121-15_57_57,healthy,healthy-cocoa-leaf,45,292,923,659
-5805312977254071220_121-15_57_57_461,-5805312977254071220_121-15_57_57,healthy,healthy-cocoa-leaf,0,684,398,960
-5805312977254071221_121-15_58_12_462,-5805312977254071221_121-15_58_12,healthy,healthy-cocoa-leaf,164,240,638,1280
-5805312977254071221_121-15_58_12_463,-5805312977254071221_121-15_58_12,healthy,healthy-cocoa-leaf,757,903,960,1280
-5805312977254071222_121-15_58_20_464,-5805312977254071222_121-15_58_20,healthy,healthy-cocoa-leaf,623,234,960,842
-5805312977254071222_121-15_58_20_465,-5805312977254071222_121-15_58_20,healthy,healthy-cocoa-leaf,200,341,568,1277
-5805312977254071223_121-15_58_26_466,-5805312977254071223_121-15_58_26,healthy,healthy-cocoa-leaf,167,295,571,1280
-5805312977254071223_121-15_58_26_467,-5805312977254071223_121-15_58_26,healthy,healthy-cocoa-leaf,173,0,465,410
-5805312977254071223_121-15_58_26_468,-5805312977254071223_121-15_58_26,healthy,healthy-cocoa-leaf,395,0,769,304
-5805312977254071224_121-15_58_34_469,-5805312977254071224_121-15_58_34,healthy,healthy-cocoa-leaf,298,122,599,407
-5805312977254071224_121-15_58_34_470,-5805312977254071224_121-15_58_34,healthy,healthy-cocoa-leaf,431,222,787,894
-5805312977254071225_121-15_58_41_471,-5805312977254071225_121-15_58_41,healthy,healthy-cocoa-leaf,0,58,288,474
-5805312977254071225_121-15_58_41_472,-5805312977254071225_121-15_58_41,healthy,healthy-cocoa-leaf,745,888,851,1116
-5805312977254071227_121-15_58_48_473,-5805312977254071227_121-15_58_48,healthy,healthy-cocoa-leaf,0,52,304,611
-5805312977254071227_121-15_58_48_474,-5805312977254071227_121-15_58_48,healthy,healthy-cocoa-leaf,12,204,787,1037
-5805312977254071227_121-15_58_48_475,-5805312977254071227_121-15_58_48,healthy,healthy-cocoa-leaf,699,629,960,909
-5805312977254071227_121-15_58_48_476,-5805312977254071227_121-15_58_48,healthy,healthy-cocoa-leaf,839,240,960,675
-5805312977254071228_121-15_58_59_477,-5805312977254071228_121-15_58_59,healthy,healthy-cocoa-leaf,0,952,197,1280
-5805312977254071231_121-15_59_51_478,-5805312977254071231_121-15_59_51,healthy,healthy-cocoa-leaf,155,341,665,1280
-5805312977254071232_121-15_59_55_479,-5805312977254071232_121-15_59_55,healthy,healthy-cocoa-leaf,219,73,796,1280
-5805312977254071233_121-16_0_2_480,-5805312977254071233_121-16_0_2,healthy,healthy-cocoa-leaf,255,33,754,1280
-5805312977254071233_121-16_0_2_481,-5805312977254071233_121-16_0_2,healthy,healthy-cocoa-leaf,85,486,295,806
-5805312977254071233_121-16_0_2_482,-5805312977254071233_121-16_0_2,healthy,healthy-cocoa-leaf,644,356,960,857
-5805312977254071234_121-16_0_10_483,-5805312977254071234_121-16_0_10,healthy,healthy-cocoa-leaf,186,139,1221,905
-5805312977254071235_121-16_0_24_484,-5805312977254071235_121-16_0_24,healthy,healthy-cocoa-leaf,328,252,909,1076
-5805312977254071235_121-16_0_24_485,-5805312977254071235_121-16_0_24,healthy,healthy-cocoa-leaf,136,173,471,897
-5805312977254071236_121-16_0_31_486,-5805312977254071236_121-16_0_31,healthy,healthy-cocoa-leaf,0,486,246,1019
-5805312977254071236_121-16_0_31_487,-5805312977254071236_121-16_0_31,healthy,healthy-cocoa-leaf,535,0,936,404
-5805312977254071237_121-16_0_37_488,-5805312977254071237_121-16_0_37,healthy,healthy-cocoa-leaf,465,216,960,1280
-5805312977254071238_121-16_0_48_489,-5805312977254071238_121-16_0_48,healthy,healthy-cocoa-leaf,255,635,696,1280
-5805312977254071239_121-16_1_19_490,-5805312977254071239_121-16_1_19,healthy,healthy-cocoa-leaf,149,122,793,1280
-5805312977254071239_121-16_1_19_491,-5805312977254071239_121-16_1_19,healthy,healthy-cocoa-leaf,67,0,535,660
-5805312977254071240_121-16_1_26_492,-5805312977254071240_121-16_1_26,healthy,healthy-cocoa-leaf,76,179,729,1280
-5805312977254071241_121-16_1_31_493,-5805312977254071241_121-16_1_31,healthy,healthy-cocoa-leaf,361,623,720,1280
-5805312977254071242_121-16_5_2_494,-5805312977254071242_121-16_5_2,healthy,healthy-cocoa-leaf,395,438,614,830
-5805312977254071242_121-16_5_2_495,-5805312977254071242_121-16_5_2,healthy,healthy-cocoa-leaf,699,325,784,669
-5805312977254071243_121-16_5_6_496,-5805312977254071243_121-16_5_6,healthy,healthy-cocoa-leaf,279,404,608,1009
-5805312977254071243_121-16_5_6_497,-5805312977254071243_121-16_5_6,healthy,healthy-cocoa-leaf,158,529,368,1180
-5805312977254071244_121-16_5_11_498,-5805312977254071244_121-16_5_11,healthy,healthy-cocoa-leaf,170,341,523,1213
-5805312977254071244_121-16_5_11_499,-5805312977254071244_121-16_5_11,healthy,healthy-cocoa-leaf,45,371,313,1149
-5805312977254071244_121-16_5_11_500,-5805312977254071244_121-16_5_11,healthy,healthy-cocoa-leaf,383,249,717,1183
-5805312977254071245_121-16_5_39_501,-5805312977254071245_121-16_5_39,healthy,healthy-cocoa-leaf,258,295,738,1174
-5805312977254071245_121-16_5_39_502,-5805312977254071245_121-16_5_39,healthy,healthy-cocoa-leaf,88,97,550,623
-5805312977254071245_121-16_5_39_503,-5805312977254071245_121-16_5_39,healthy,healthy-cocoa-leaf,0,0,225,413
-5805312977254071245_121-16_5_39_504,-5805312977254071245_121-16_5_39,healthy,healthy-cocoa-leaf,784,684,960,1095
-5805312977254071246_121-16_5_44_505,-5805312977254071246_121-16_5_44,healthy,healthy-cocoa-leaf,702,155,960,584
-5805312977254071246_121-16_5_44_506,-5805312977254071246_121-16_5_44,healthy,healthy-cocoa-leaf,0,195,255,623
-5805312977254071247_121-16_5_49_507,-5805312977254071247_121-16_5_49,healthy,healthy-cocoa-leaf,422,763,723,1280
-5805312977254071247_121-16_5_49_508,-5805312977254071247_121-16_5_49,healthy,healthy-cocoa-leaf,0,979,206,1280
-5805312977254071248_121-16_5_54_509,-5805312977254071248_121-16_5_54,healthy,healthy-cocoa-leaf,0,337,568,687
-5805312977254071248_121-16_5_54_510,-5805312977254071248_121-16_5_54,healthy,healthy-cocoa-leaf,298,420,790,1280
-5805312977254071248_121-16_5_54_511,-5805312977254071248_121-16_5_54,healthy,healthy-cocoa-leaf,45,0,526,295
-5805312977254071248_121-16_5_54_512,-5805312977254071248_121-16_5_54,healthy,healthy-cocoa-leaf,529,0,933,365
-5805312977254071248_121-16_5_54_513,-5805312977254071248_121-16_5_54,healthy,healthy-cocoa-leaf,690,222,960,672
-5805312977254071249_121-16_8_23_514,-5805312977254071249_121-16_8_23,healthy,healthy-cocoa-leaf,91,231,541,1280
-5805312977254071249_121-16_8_23_515,-5805312977254071249_121-16_8_23,healthy,healthy-cocoa-leaf,614,584,960,1280
-5805312977254071249_121-16_8_23_516,-5805312977254071249_121-16_8_23,healthy,healthy-cocoa-leaf,544,0,827,432
-5805312977254071250_121-16_8_39_517,-5805312977254071250_121-16_8_39,healthy,healthy-cocoa-leaf,18,818,778,1128
-5805312977254071250_121-16_8_39_518,-5805312977254071250_121-16_8_39,healthy,healthy-cocoa-leaf,352,976,814,1280
-5805312977254071250_121-16_8_39_519,-5805312977254071250_121-16_8_39,healthy,healthy-cocoa-leaf,729,1025,960,1234
-5805312977254071250_121-16_8_39_520,-5805312977254071250_121-16_8_39,healthy,healthy-cocoa-leaf,726,185,960,532
-5805312977254071251_121-16_8_43_521,-5805312977254071251_121-16_8_43,healthy,healthy-cocoa-leaf,565,851,869,1107
-5805312977254071252_121-16_8_47_522,-5805312977254071252_121-16_8_47,healthy,healthy-cocoa-leaf,103,58,738,1280
-5805312977254071252_121-16_8_47_523,-5805312977254071252_121-16_8_47,healthy,healthy-cocoa-leaf,538,529,960,1280
-5805312977254071252_121-16_8_47_524,-5805312977254071252_121-16_8_47,healthy,healthy-cocoa-leaf,553,0,924,301
-5805312977254071253_121-16_13_1_525,-5805312977254071253_121-16_13_1,healthy,healthy-cocoa-leaf,316,292,738,1280
-5805312977254071254_121-16_13_6_526,-5805312977254071254_121-16_13_6,healthy,healthy-cocoa-leaf,185,961,553,1280
-5805312977254071254_121-16_13_6_527,-5805312977254071254_121-16_13_6,healthy,healthy-cocoa-leaf,0,903,240,1280
-5805312977254071254_121-16_13_6_528,-5805312977254071254_121-16_13_6,healthy,healthy-cocoa-leaf,0,724,285,939
-5805312977254071254_121-16_13_6_529,-5805312977254071254_121-16_13_6,healthy,healthy-cocoa-leaf,237,459,921,964
-5805312977254071255_121-16_13_11_530,-5805312977254071255_121-16_13_11,healthy,healthy-cocoa-leaf,139,359,562,1256
-5805312977254071255_121-16_13_11_531,-5805312977254071255_121-16_13_11,healthy,healthy-cocoa-leaf,0,517,212,882
-5805312977254071256_121-16_13_15_532,-5805312977254071256_121-16_13_15,healthy,healthy-cocoa-leaf,848,453,960,1280
-5805312977254071256_121-16_13_15_533,-5805312977254071256_121-16_13_15,healthy,healthy-cocoa-leaf,182,693,547,1134
-5805312977254071257_121-16_13_22_534,-5805312977254071257_121-16_13_22,healthy,healthy-cocoa-leaf,234,228,498,490
-5805312977254071257_121-16_13_22_535,-5805312977254071257_121-16_13_22,healthy,healthy-cocoa-leaf,285,556,535,1019
-5805312977254071257_121-16_13_22_536,-5805312977254071257_121-16_13_22,healthy,healthy-cocoa-leaf,3,505,468,714
-5805312977254071258_121-16_13_34_537,-5805312977254071258_121-16_13_34,healthy,healthy-cocoa-leaf,30,192,447,900
-5805312977254071258_121-16_13_34_538,-5805312977254071258_121-16_13_34,healthy,healthy-cocoa-leaf,285,192,799,1222
-5805312977254071259_121-16_14_34_539,-5805312977254071259_121-16_14_34,healthy,healthy-cocoa-leaf,133,243,684,1234
-5805312977254071260_121-16_14_39_540,-5805312977254071260_121-16_14_39,healthy,healthy-cocoa-leaf,258,155,748,1052
-5805312977254071261_121-16_14_43_541,-5805312977254071261_121-16_14_43,healthy,healthy-cocoa-leaf,39,395,538,1280
-5805312977254071261_121-16_14_43_542,-5805312977254071261_121-16_14_43,healthy,healthy-cocoa-leaf,0,480,243,918
-5805312977254071261_121-16_14_43_543,-5805312977254071261_121-16_14_43,healthy,healthy-cocoa-leaf,608,234,960,590
-5805312977254071262_121-16_14_47_544,-5805312977254071262_121-16_14_47,healthy,healthy-cocoa-leaf,100,371,383,943
-5805312977254071262_121-16_14_47_545,-5805312977254071262_121-16_14_47,healthy,healthy-cocoa-leaf,270,240,620,970
-5805312977254071263_121-16_14_51_546,-5805312977254071263_121-16_14_51,healthy,healthy-cocoa-leaf,179,447,738,1022
-5805312977254071263_121-16_14_51_547,-5805312977254071263_121-16_14_51,healthy,healthy-cocoa-leaf,0,459,240,760
-5805312977254071263_121-16_14_51_548,-5805312977254071263_121-16_14_51,healthy,healthy-cocoa-leaf,556,912,960,1280
-5805312977254071264_121-16_14_56_549,-5805312977254071264_121-16_14_56,healthy,healthy-cocoa-leaf,0,433,325,618
-5805312977254071264_121-16_14_56_550,-5805312977254071264_121-16_14_56,healthy,healthy-cocoa-leaf,207,515,688,960
-5805312977254071265_121-16_15_1_551,-5805312977254071265_121-16_15_1,healthy,healthy-cocoa-leaf,191,61,732,1280
-5805312977254071266_121-16_15_16_552,-5805312977254071266_121-16_15_16,healthy,healthy-cocoa-leaf,249,249,586,1158
-5805312977254071267_121-16_15_23_553,-5805312977254071267_121-16_15_23,healthy,healthy-cocoa-leaf,170,100,371,587
-5805312977254071269_121-16_16_0_554,-5805312977254071269_121-16_16_0,healthy,healthy-cocoa-leaf,225,243,690,1201
-5805312977254071269_121-16_16_0_555,-5805312977254071269_121-16_16_0,healthy,healthy-cocoa-leaf,672,119,960,690
-5805312977254071270_121-16_16_6_556,-5805312977254071270_121-16_16_6,healthy,healthy-cocoa-leaf,63,280,510,939
-5805312977254071270_121-16_16_6_557,-5805312977254071270_121-16_16_6,healthy,healthy-cocoa-leaf,325,0,784,252
-5805312977254071270_121-16_16_6_558,-5805312977254071270_121-16_16_6,healthy,healthy-cocoa-leaf,322,195,842,794
-5805312977254071271_121-16_16_11_559,-5805312977254071271_121-16_16_11,healthy,healthy-cocoa-leaf,234,249,571,1070
-5805312977254071271_121-16_16_11_560,-5805312977254071271_121-16_16_11,healthy,healthy-cocoa-leaf,447,313,939,1234
-5805312977254071271_121-16_16_11_561,-5805312977254071271_121-16_16_11,healthy,healthy-cocoa-leaf,568,67,960,584
-5805312977254071272_121-16_16_18_562,-5805312977254071272_121-16_16_18,healthy,healthy-cocoa-leaf,751,228,960,1192
-5805312977254071273_121-16_16_24_563,-5805312977254071273_121-16_16_24,healthy,healthy-cocoa-leaf,179,100,629,1262
-5805312977254071273_121-16_16_24_564,-5805312977254071273_121-16_16_24,healthy,healthy-cocoa-leaf,538,739,951,1262
-5805312977254071274_121-16_16_30_565,-5805312977254071274_121-16_16_30,healthy,healthy-cocoa-leaf,24,365,206,1253
-5805312977254071275_121-16_16_38_566,-5805312977254071275_121-16_16_38,healthy,healthy-cocoa-leaf,261,225,775,1250
-5805312977254071275_121-16_16_38_567,-5805312977254071275_121-16_16_38,healthy,healthy-cocoa-leaf,18,91,416,645
-5805312977254071275_121-16_16_38_568,-5805312977254071275_121-16_16_38,healthy,healthy-cocoa-leaf,690,386,960,1019
-5805312977254071276_121-16_16_45_569,-5805312977254071276_121-16_16_45,healthy,healthy-cocoa-leaf,222,380,833,1280
-5805312977254071276_121-16_16_45_570,-5805312977254071276_121-16_16_45,healthy,healthy-cocoa-leaf,477,125,918,398
-5805312977254071277_121-16_16_52_571,-5805312977254071277_121-16_16_52,healthy,healthy-cocoa-leaf,48,897,383,1280
-5805312977254071277_121-16_16_52_572,-5805312977254071277_121-16_16_52,healthy,healthy-cocoa-leaf,298,465,678,684
-5805312977254071278_121-16_16_59_573,-5805312977254071278_121-16_16_59,healthy,healthy-cocoa-leaf,760,462,960,699
-5805312977254071278_121-16_16_59_574,-5805312977254071278_121-16_16_59,healthy,healthy-cocoa-leaf,589,155,827,410
-5805312977254071279_121-16_17_34_575,-5805312977254071279_121-16_17_34,healthy,healthy-cocoa-leaf,632,383,942,623
-5805312977254071280_121-16_17_39_576,-5805312977254071280_121-16_17_39,healthy,healthy-cocoa-leaf,0,58,261,860
-5805312977254071281_121-16_17_43_577,-5805312977254071281_121-16_17_43,healthy,healthy-cocoa-leaf,0,146,261,623
-5805312977254071281_121-16_17_43_578,-5805312977254071281_121-16_17_43,healthy,healthy-cocoa-leaf,501,602,960,1219
-5805312977254071282_121-16_17_48_579,-5805312977254071282_121-16_17_48,healthy,healthy-cocoa-leaf,0,131,316,407
-5805312977254071282_121-16_17_48_580,-5805312977254071282_121-16_17_48,healthy,healthy-cocoa-leaf,571,15,869,344
-5805312977254071282_121-16_17_48_581,-5805312977254071282_121-16_17_48,healthy,healthy-cocoa-leaf,799,119,960,1037
-5805312977254071283_121-16_17_53_582,-5805312977254071283_121-16_17_53,healthy,healthy-cocoa-leaf,349,490,678,1088
-5805312977254071284_121-16_17_57_583,-5805312977254071284_121-16_17_57,healthy,healthy-cocoa-leaf,0,137,328,654
-5805312977254071284_121-16_17_57_584,-5805312977254071284_121-16_17_57,healthy,healthy-cocoa-leaf,507,313,793,979
-5805312977254071284_121-16_17_57_585,-5805312977254071284_121-16_17_57,healthy,healthy-cocoa-leaf,650,459,960,1222
-5805312977254071284_121-16_17_57_586,-5805312977254071284_121-16_17_57,healthy,healthy-cocoa-leaf,340,0,745,395
-5805312977254071285_121-16_18_3_587,-5805312977254071285_121-16_18_3,healthy,healthy-cocoa-leaf,15,499,556,848
-5805312977254071285_121-16_18_3_588,-5805312977254071285_121-16_18_3,healthy,healthy-cocoa-leaf,267,575,741,1277
-5805312977254071285_121-16_18_3_589,-5805312977254071285_121-16_18_3,healthy,healthy-cocoa-leaf,681,420,942,772
-5805312977254071286_121-16_18_10_590,-5805312977254071286_121-16_18_10,healthy,healthy-cocoa-leaf,580,64,942,395
-5805312977254071287_121-16_18_15_591,-5805312977254071287_121-16_18_15,healthy,healthy-cocoa-leaf,121,754,824,1280
-5805312977254071288_121-16_18_20_592,-5805312977254071288_121-16_18_20,healthy,healthy-cocoa-leaf,191,304,675,1189
-5805312977254071289_121-16_18_49_593,-5805312977254071289_121-16_18_49,healthy,healthy-cocoa-leaf,6,326,1021,960
-5805312977254071290_121-16_18_54_594,-5805312977254071290_121-16_18_54,healthy,healthy-cocoa-leaf,173,371,726,1104
-5805312977254071290_121-16_18_54_595,-5805312977254071290_121-16_18_54,healthy,healthy-cocoa-leaf,0,632,322,1231
-5805312977254071291_121-16_18_58_596,-5805312977254071291_121-16_18_58,healthy,healthy-cocoa-leaf,0,0,209,286
-5805312977254071292_121-16_19_3_597,-5805312977254071292_121-16_19_3,healthy,healthy-cocoa-leaf,219,325,541,848
-5805312977254071292_121-16_19_3_598,-5805312977254071292_121-16_19_3,healthy,healthy-cocoa-leaf,638,660,960,1000
-5805312977254071293_121-16_19_8_599,-5805312977254071293_121-16_19_8,healthy,healthy-cocoa-leaf,176,195,450,678
-5805312977254071294_121-16_19_13_600,-5805312977254071294_121-16_19_13,healthy,healthy-cocoa-leaf,349,0,784,134
-5805312977254071294_121-16_19_13_601,-5805312977254071294_121-16_19_13,healthy,healthy-cocoa-leaf,0,429,273,982
-5805312977254071294_121-16_19_13_602,-5805312977254071294_121-16_19_13,healthy,healthy-cocoa-leaf,191,1052,389,1280
-5805312977254071295_121-16_19_19_603,-5805312977254071295_121-16_19_19,healthy,healthy-cocoa-leaf,0,413,264,778
-5805312977254071298_121-16_19_35_604,-5805312977254071298_121-16_19_35,healthy,healthy-cocoa-leaf,702,255,960,690
-5805312977254071298_121-16_19_35_605,-5805312977254071298_121-16_19_35,healthy,healthy-cocoa-leaf,0,821,325,1280
-5805312977254071298_121-16_19_35_606,-5805312977254071298_121-16_19_35,healthy,healthy-cocoa-leaf,0,496,149,860
-5805312977254071299_121-16_20_5_607,-5805312977254071299_121-16_20_5,healthy,healthy-cocoa-leaf,0,274,361,520
-5805312977254071299_121-16_20_5_608,-5805312977254071299_121-16_20_5,healthy,healthy-cocoa-leaf,656,283,960,566
-5805312977254071300_121-16_20_10_609,-5805312977254071300_121-16_20_10,healthy,healthy-cocoa-leaf,0,61,471,769
-5805312977254071300_121-16_20_10_610,-5805312977254071300_121-16_20_10,healthy,healthy-cocoa-leaf,200,185,821,790
-5805312977254071301_121-16_20_14_611,-5805312977254071301_121-16_20_14,healthy,healthy-cocoa-leaf,231,319,760,1237
-5805312977254071301_121-16_20_14_612,-5805312977254071301_121-16_20_14,healthy,healthy-cocoa-leaf,656,234,960,824
-5805312977254071302_121-16_20_18_613,-5805312977254071302_121-16_20_18,healthy,healthy-cocoa-leaf,565,739,960,1201
-5805312977254071302_121-16_20_18_614,-5805312977254071302_121-16_20_18,healthy,healthy-cocoa-leaf,0,122,352,854
-5805312977254071303_121-16_20_23_615,-5805312977254071303_121-16_20_23,healthy,healthy-cocoa-leaf,328,447,1039,889
-5965021963221055203_121-18_37_37_616,-5965021963221055203_121-18_37_37,healthy,healthy-cocoa-leaf,315,12,1255,846
-5965021963221055235_121-18_44_4_617,-5965021963221055235_121-18_44_4,healthy,healthy-cocoa-leaf,0,0,1182,448
-5965021963221055235_121-18_44_4_618,-5965021963221055235_121-18_44_4,healthy,healthy-cocoa-leaf,58,221,1269,950
-5965021963221055240_121-18_44_38_619,-5965021963221055240_121-18_44_38,healthy,healthy-cocoa-leaf,212,24,900,1251
-5965021963221055241_121-18_44_45_620,-5965021963221055241_121-18_44_45,healthy,healthy-cocoa-leaf,347,24,868,826
-5965021963221055267_121-18_50_46_621,-5965021963221055267_121-18_50_46,healthy,healthy-cocoa-leaf,0,390,929,1280
-5965021963221055317_121-19_9_20_622,-5965021963221055317_121-19_9_20,healthy,healthy-cocoa-leaf,0,179,1226,958
-5965021963221055323_121-19_10_5_623,-5965021963221055323_121-19_10_5,healthy,healthy-cocoa-leaf,82,32,881,1280
-5965021963221055327_121-19_11_8_624,-5965021963221055327_121-19_11_8,healthy,healthy-cocoa-leaf,0,61,892,1280
-5965021963221055356_121-19_23_35_625,-5965021963221055356_121-19_23_35,healthy,healthy-cocoa-leaf,0,40,844,1280
-5965021963221055370_121-19_26_24_626,-5965021963221055370_121-19_26_24,healthy,healthy-cocoa-leaf,265,53,884,1261
-5965021963221055371_121-19_26_31_627,-5965021963221055371_121-19_26_31,healthy,healthy-cocoa-leaf,0,2,1226,839
-5965021963221055376_121-19_27_39_628,-5965021963221055376_121-19_27_39,healthy,healthy-cocoa-leaf,167,109,817,1280
-5965021963221055376_121-19_27_39_629,-5965021963221055376_121-19_27_39,healthy,healthy-cocoa-leaf,0,0,464,860
-5965021963221055377_121-19_27_47_630,-5965021963221055377_121-19_27_47,healthy,healthy-cocoa-leaf,63,37,788,1012
-5965021963221055390_121-19_29_55_631,-5965021963221055390_121-19_29_55,healthy,healthy-cocoa-leaf,0,50,1226,906
-5965021963221055391_121-19_30_6_632,-5965021963221055391_121-19_30_6,healthy,healthy-cocoa-leaf,294,173,836,1166
-5965021963221055392_121-19_30_19_633,-5965021963221055392_121-19_30_19,healthy,healthy-cocoa-leaf,0,114,438,1280
-5965021963221055393_121-19_30_26_634,-5965021963221055393_121-19_30_26,healthy,healthy-cocoa-leaf,10,37,815,1277
-5965021963221055394_121-19_30_37_635,-5965021963221055394_121-19_30_37,healthy,healthy-cocoa-leaf,17,18,1245,874
-5965021963221055394_121-19_30_37_636,-5965021963221055394_121-19_30_37,healthy,healthy-cocoa-leaf,0,695,435,960
-5965021963221055395_121-19_31_17_637,-5965021963221055395_121-19_31_17,healthy,healthy-cocoa-leaf,0,428,435,864
-5965021963221055396_121-19_31_24_638,-5965021963221055396_121-19_31_24,healthy,healthy-cocoa-leaf,879,0,1249,386
-5965021963221055396_121-19_31_24_639,-5965021963221055396_121-19_31_24,healthy,healthy-cocoa-leaf,106,277,1280,960
-5965021963221055433_121-19_39_21_640,-5965021963221055433_121-19_39_21,healthy,healthy-cocoa-leaf,0,0,901,556
-5965021963221055439_121-19_40_28_641,-5965021963221055439_121-19_40_28,healthy,healthy-cocoa-leaf,137,16,886,1168
-5965021963221055440_121-19_40_38_642,-5965021963221055440_121-19_40_38,healthy,healthy-cocoa-leaf,63,104,844,1214
-5965021963221055441_121-19_40_50_643,-5965021963221055441_121-19_40_50,healthy,healthy-cocoa-leaf,5,66,719,929
-5965021963221055456_121-19_44_21_644,-5965021963221055456_121-19_44_21,healthy,healthy-cocoa-leaf,0,40,727,1280
-5965021963221055473_121-19_49_56_645,-5965021963221055473_121-19_49_56,healthy,healthy-cocoa-leaf,6,40,933,1280
-5965021963221055482_121-19_52_34_646,-5965021963221055482_121-19_52_34,healthy,healthy-cocoa-leaf,6,57,1244,960
-5965021963221055483_121-19_52_45_647,-5965021963221055483_121-19_52_45,healthy,healthy-cocoa-leaf,0,16,1260,892
-5965021963221055487_121-19_53_47_648,-5965021963221055487_121-19_53_47,healthy,healthy-cocoa-leaf,161,64,933,1244
-5965021963221055488_121-19_54_1_649,-5965021963221055488_121-19_54_1,healthy,healthy-cocoa-leaf,145,55,1176,965
-5965021963221055489_121-19_54_13_650,-5965021963221055489_121-19_54_13,healthy,healthy-cocoa-leaf,0,24,766,1280
-5965021963221055516_121-19_59_26_651,-5965021963221055516_121-19_59_26,healthy,healthy-cocoa-leaf,79,12,811,1280
-5965021963221055517_121-19_59_31_652,-5965021963221055517_121-19_59_31,healthy,healthy-cocoa-leaf,0,46,936,1280
-5965021963221055532_121-20_10_2_653,-5965021963221055532_121-20_10_2,healthy,healthy-cocoa-leaf,153,64,804,1280
-5965021963221055576_121-22_46_58_654,-5965021963221055576_121-22_46_58,healthy,healthy-cocoa-leaf,58,11,785,1280
-5965021963221055590_121-22_53_10_655,-5965021963221055590_121-22_53_10,healthy,healthy-cocoa-leaf,129,19,820,1280
-5965021963221055591_121-22_53_18_656,-5965021963221055591_121-22_53_18,healthy,healthy-cocoa-leaf,690,56,960,1280
-5965021963221055591_121-22_53_18_657,-5965021963221055591_121-22_53_18,healthy,healthy-cocoa-leaf,0,19,708,1280
-5965021963221055604_121-22_55_16_658,-5965021963221055604_121-22_55_16,healthy,healthy-cocoa-leaf,52,53,809,1280
-5965021963221055639_121-23_7_26_659,-5965021963221055639_121-23_7_26,healthy,healthy-cocoa-leaf,44,16,881,1280
-5965021963221055642_121-23_7_48_660,-5965021963221055642_121-23_7_48,healthy,healthy-cocoa-leaf,0,24,807,1256
-5965021963221055644_121-23_8_0_661,-5965021963221055644_121-23_8_0,healthy,healthy-cocoa-leaf,0,12,1267,831
-5965021963221055648_121-23_14_46_662,-5965021963221055648_121-23_14_46,healthy,healthy-cocoa-leaf,114,27,878,1280
-5965021963221055656_121-23_15_30_663,-5965021963221055656_121-23_15_30,healthy,healthy-cocoa-leaf,87,24,926,1280
-5965021963221055661_121-23_16_46_664,-5965021963221055661_121-23_16_46,healthy,healthy-cocoa-leaf,79,37,860,1280
-5965021963221055664_121-23_17_1_665,-5965021963221055664_121-23_17_1,healthy,healthy-cocoa-leaf,185,19,793,1280
-5965021963221055670_121-23_18_26_666,-5965021963221055670_121-23_18_26,healthy,healthy-cocoa-leaf,121,27,759,953
-5965021963221055671_121-23_18_31_667,-5965021963221055671_121-23_18_31,healthy,healthy-cocoa-leaf,55,16,897,1280
-5965021963221055672_121-23_18_39_668,-5965021963221055672_121-23_18_39,healthy,healthy-cocoa-leaf,52,27,900,1280
-5965021963221055677_121-23_23_19_669,-5965021963221055677_121-23_23_19,healthy,healthy-cocoa-leaf,0,21,780,1280
-5965021963221055707_121-23_28_54_670,-5965021963221055707_121-23_28_54,healthy,healthy-cocoa-leaf,206,5,796,1264
-5965021963221055712_121-23_29_23_671,-5965021963221055712_121-23_29_23,healthy,healthy-cocoa-leaf,0,287,1210,930
-5965021963221055722_121-23_33_5_672,-5965021963221055722_121-23_33_5,healthy,healthy-cocoa-leaf,37,165,1280,687
-5965021963221055728_121-23_43_19_673,-5965021963221055728_121-23_43_19,healthy,healthy-cocoa-leaf,79,16,769,1280
-5965021963221055738_121-23_44_56_674,-5965021963221055738_121-23_44_56,healthy,healthy-cocoa-leaf,58,37,873,1280
-5965021963221055742_121-23_45_15_675,-5965021963221055742_121-23_45_15,healthy,healthy-cocoa-leaf,313,8,839,882
-5965021963221055742_121-23_45_15_676,-5965021963221055742_121-23_45_15,healthy,healthy-cocoa-leaf,0,19,268,1012
-5965021963221055777_121-0_8_19_677,-5965021963221055777_121-0_8_19,healthy,healthy-cocoa-leaf,193,21,870,1044
-5965021963221055787_121-0_9_46_678,-5965021963221055787_121-0_9_46,healthy,healthy-cocoa-leaf,2,48,873,1280
-5965021963221055788_121-0_9_51_679,-5965021963221055788_121-0_9_51,healthy,healthy-cocoa-leaf,0,44,1218,918
-5965021963221055791_121-0_10_10_680,-5965021963221055791_121-0_10_10,healthy,healthy-cocoa-leaf,0,80,1072,856
-5965021963221055821_121-0_20_34_681,-5965021963221055821_121-0_20_34,healthy,healthy-cocoa-leaf,0,19,910,1275
-5965021963221055826_121-0_21_34_682,-5965021963221055826_121-0_21_34,healthy,healthy-cocoa-leaf,55,40,862,1245
-5965021963221055827_121-0_22_8_683,-5965021963221055827_121-0_22_8,healthy,healthy-cocoa-leaf,66,13,857,1280
-5965021963221055828_121-0_22_13_684,-5965021963221055828_121-0_22_13,healthy,healthy-cocoa-leaf,50,13,807,1259
-5965021963221055906_121-14_39_54_685,-5965021963221055906_121-14_39_54,healthy,healthy-cocoa-leaf,153,56,902,1280
-5965021963221055951_121-14_48_12_686,-5965021963221055951_121-14_48_12,healthy,healthy-cocoa-leaf,76,24,884,1280
-5965021963221055953_121-14_48_19_687,-5965021963221055953_121-14_48_19,healthy,healthy-cocoa-leaf,578,37,960,927
-5965021963221055967_121-14_53_27_688,-5965021963221055967_121-14_53_27,healthy,healthy-cocoa-leaf,37,0,960,1280
-5965021963221055971_121-14_53_51_689,-5965021963221055971_121-14_53_51,healthy,healthy-cocoa-leaf,0,5,916,1280
-5965021963221055972_121-14_53_55_690,-5965021963221055972_121-14_53_55,healthy,healthy-cocoa-leaf,34,181,934,1280
-5965021963221055985_121-14_58_37_691,-5965021963221055985_121-14_58_37,healthy,healthy-cocoa-leaf,398,24,844,1277
-5965021963221056017_121-15_6_37_692,-5965021963221056017_121-15_6_37,healthy,healthy-cocoa-leaf,0,26,1265,578
-5965021963221056149_121-15_34_30_693,-5965021963221056149_121-15_34_30,healthy,healthy-cocoa-leaf,0,41,899,1280
-5965021963221056150_121-15_34_35_694,-5965021963221056150_121-15_34_35,healthy,healthy-cocoa-leaf,0,28,843,1280
-5965021963221056212_121-15_50_53_695,-5965021963221056212_121-15_50_53,healthy,healthy-cocoa-leaf,30,71,695,1257
-5965021963221056226_121-15_54_3_696,-5965021963221056226_121-15_54_3,healthy,healthy-cocoa-leaf,0,306,608,1280
-5965021963221056226_121-15_54_3_697,-5965021963221056226_121-15_54_3,healthy,healthy-cocoa-leaf,343,0,869,258
-5965021963221056246_121-15_59_3_698,-5965021963221056246_121-15_59_3,healthy,healthy-cocoa-leaf,0,93,934,1280
-5965021963221056252_121-16_0_12_699,-5965021963221056252_121-16_0_12,healthy,healthy-cocoa-leaf,0,75,943,1280
-5965021963221056256_121-16_0_32_700,-5965021963221056256_121-16_0_32,healthy,healthy-cocoa-leaf,0,62,430,1280
-5965021963221056257_121-16_0_37_701,-5965021963221056257_121-16_0_37,healthy,healthy-cocoa-leaf,0,93,287,1280
-5965021963221056295_121-16_4_43_702,-5965021963221056295_121-16_4_43,healthy,healthy-cocoa-leaf,0,67,899,1280
-5967668152701663498_121-16_16_53_703,-5967668152701663498_121-16_16_53,healthy,healthy-cocoa-leaf,17,62,904,1280
-5967668152701663499_121-16_16_57_704,-5967668152701663499_121-16_16_57,healthy,healthy-cocoa-leaf,0,71,851,1280
-5967668152701663503_121-16_17_15_705,-5967668152701663503_121-16_17_15,healthy,healthy-cocoa-leaf,9,62,747,1280
