image_id,image_path,plant,image_label,source_dataset,source_archive,image_hash,split
-5805312977254070876_121-14_5_39,data/raw/karaagroai/healthy_05/healthy_01/-5805312977254070876_121-14_5_39.jpg,cocoa,healthy,KaraAgroAI Cocoa Dataset,healthy_05.rar,f0c88ba59a70789e29e0918888560d9744ebeb55c9227c89dbcc8a4f8d4d5801,unassigned
-5805312977254070877_121-14_5_45,data/raw/karaagroai/healthy_05/healthy_01/-5805312977254070877_121-14_5_45.jpg,cocoa,healthy,KaraAgroAI Cocoa Dataset,healthy_05.rar,58c0a378b08be15b5bf4013f2fa05b68252ec11f6644a16df35806f06d228fe9,unassigned
-5805312977254070878_121-14_5_50,data/raw/karaagroai/healthy_05/healthy_01/-5805312977254070878_121-14_5_50.jpg,cocoa,healthy,KaraAgroAI Cocoa Dataset,healthy_05.rar,ad45b74443ff3a14eb266e255d65b00810a147950d2593daf1891dd04d1c860e,unassigned
-5805312977254070879_121-14_5_59,data/raw/karaagroai/healthy_05/healthy_01/-5805312977254070879_121-14_5_59.jpg,cocoa,healthy,KaraAgroAI Cocoa Dataset,healthy_05.rar,5a2a2f5010c3b28bf874c94c16ae580ae27a0112dfd8ea6310c4664e068ce07c,unassigned
-5805312977254070880_121-14_8_34,data/raw/karaagroai/healthy_05/healthy_01/-5805312977254070880_121-14_8_34.jpg,cocoa,healthy,KaraAgroAI Cocoa Dataset,healthy_05.rar,cbc691c9127003a32618de9eb26c42aee5b48bd9d8226201af1c5ee440e66e96,unassigned
-5805312977254070888_121-14_11_58,data/raw/karaagroai/healthy_05/healthy_01/-5805312977254070888_121-14_11_58.jpg,cocoa,healthy,KaraAgroAI Cocoa Dataset,healthy_05.rar,92c340f6dcb26420de11a6c49be3ef393fb348a91f9bc141ac714d439320bc47,unassigned
-5805312977254070889_121-14_12_3,data/raw/karaagroai/healthy_05/healthy_01/-5805312977254070889_121-14_12_3.jpg,cocoa,healthy,KaraAgroAI Cocoa Dataset,healthy_05.rar,780d202e905193e0b5c3e9e6b78247b77bdcc49f02e03d2a494747c6b0be4f34,unassigned
-5805312977254070890_121-14_12_8,data/raw/karaagroai/healthy_05/healthy_01/-5805312977254070890_121-14_12_8.jpg,cocoa,healthy,KaraAgroAI Cocoa Dataset,healthy_05.rar,446b019e96091fd1aaee18031ac53546065c5caa633cbab1a784b9374e8a560f,unassigned
-5805312977254070893_121-14_13_11,data/raw/karaagroai/healthy_05/healthy_01/-5805312977254070893_121-14_13_11.jpg,cocoa,healthy,KaraAgroAI Cocoa Dataset,healthy_05.rar,628a488d78f63c32440c9e1c6eeeac36daad7d84fb02fddf1ca32ec19ca459e2,unassigned
-5805312977254070894_121-14_13_16,data/raw/karaagroai/healthy_05/healthy_01/-5805312977254070894_121-14_13_16.jpg,cocoa,healthy,KaraAgroAI Cocoa Dataset,healthy_05.rar,9d23262d663283d5f49c498862de00113ca2fbdb96090eef40c1927c47692baf,unassigned
-5805312977254070895_121-14_13_24,data/raw/karaagroai/healthy_05/healthy_01/-5805312977254070895_121-14_13_24.jpg,cocoa,healthy,KaraAgroAI Cocoa Dataset,healthy_05.rar,dbb1e1b1ccca59bd1708c09b2e99821a722eb4129ae7940175bfabb03a8b120b,unassigned
-5805312977254070897_121-14_13_34,data/raw/karaagroai/healthy_05/healthy_01/-5805312977254070897_121-14_13_34.jpg,cocoa,healthy,KaraAgroAI Cocoa Dataset,healthy_05.rar,1655bbb1f64bfb261a4a89e821941a855c751c202170e642258415654d8f7724,unassigned
-5805312977254070898_121-14_13_39,data/raw/karaagroai/healthy_05/healthy_01/-5805312977254070898_121-14_13_39.jpg,cocoa,healthy,KaraAgroAI Cocoa Dataset,healthy_05.rar,d71052841104ada38efc55948a41e0c404f62a15bb26c3a7e7ddc8584702087f,unassigned
-5805312977254070899_121-14_13_44,data/raw/karaagroai/healthy_05/healthy_01/-5805312977254070899_121-14_13_44.jpg,cocoa,healthy,KaraAgroAI Cocoa Dataset,healthy_05.rar,784ca955cb4110db6d2b4fbb7cd91b1811929a4914d766e4d8c5474579334cb5,unassigned
-5805312977254070900_121-14_13_49,data/raw/karaagroai/healthy_05/healthy_01/-5805312977254070900_121-14_13_49.jpg,cocoa,healthy,KaraAgroAI Cocoa Dataset,healthy_05.rar,5a28dea70926f4907a0bb2178e3c52c928725ed34406be8b2e204c4d3a72d2fc,unassigned
-5805312977254070903_121-14_16_31,data/raw/karaagroai/healthy_05/healthy_01/-5805312977254070903_121-14_16_31.jpg,cocoa,healthy,KaraAgroAI Cocoa Dataset,healthy_05.rar,6b6f8fc6c3e716437b882eb539a4551ab2ea6363082b37184f032386f31d802a,unassigned
-5805312977254070904_121-14_16_36,data/raw/karaagroai/healthy_05/healthy_01/-5805312977254070904_121-14_16_36.jpg,cocoa,healthy,KaraAgroAI Cocoa Dataset,healthy_05.rar,a7ce6a272fbc753943c925fe6a1b2695090e74d57c11dbed71eb476c92505dca,unassigned
-5805312977254070910_121-14_17_10,data/raw/karaagroai/healthy_05/healthy_01/-5805312977254070910_121-14_17_10.jpg,cocoa,healthy,KaraAgroAI Cocoa Dataset,healthy_05.rar,4b5c8d02256759ae5e63d6b950846d93ca67bd545be81f9fd030a83ebd588cce,unassigned
-5805312977254070911_121-14_17_49,data/raw/karaagroai/healthy_05/healthy_01/-5805312977254070911_121-14_17_49.jpg,cocoa,healthy,KaraAgroAI Cocoa Dataset,healthy_05.rar,ce30dc9b425bfcad802002b22d9ad6d724072fb8fad67737e9f5c3492d9c9ccc,unassigned
-5805312977254070917_121-14_18_22,data/raw/karaagroai/healthy_05/healthy_01/-5805312977254070917_121-14_18_22.jpg,cocoa,healthy,KaraAgroAI Cocoa Dataset,healthy_05.rar,2cf032f084858a11632eaf32f4caacbdc2d098155cd841123b830af2c105c775,unassigned
-5805312977254070918_121-14_18_28,data/raw/karaagroai/healthy_05/healthy_01/-5805312977254070918_121-14_18_28.jpg,cocoa,healthy,KaraAgroAI Cocoa Dataset,healthy_05.rar,e20772911d064c71b1b8c48951f8f3fbc80de79173d1bfb7113a9c0fc8ff6f9d,unassigned
-5805312977254070919_121-14_18_33,data/raw/karaagroai/healthy_05/healthy_01/-5805312977254070919_121-14_18_33.jpg,cocoa,healthy,KaraAgroAI Cocoa Dataset,healthy_05.rar,6c85384576a711cb62ed1b7165129a8ffa4c53e9d94fcf90ab2120f8595fbf15,unassigned
-5805312977254070920_121-14_18_39,data/raw/karaagroai/healthy_05/healthy_01/-5805312977254070920_121-14_18_39.jpg,cocoa,healthy,KaraAgroAI Cocoa Dataset,healthy_05.rar,0773d98658ef216d25be99cdc242fdb6058bca7b821ee2a33b572cdcda55ecf2,unassigned
-5805312977254070921_121-14_19_14,data/raw/karaagroai/healthy_05/healthy_01/-5805312977254070921_121-14_19_14.jpg,cocoa,healthy,KaraAgroAI Cocoa Dataset,healthy_05.rar,4a4f13aec8f337e3465cf443eb6ce19a5ec39876bf9a774940044a0f6e72201d,unassigned
-5805312977254070922_121-14_19_18,data/raw/karaagroai/healthy_05/healthy_01/-5805312977254070922_121-14_19_18.jpg,cocoa,healthy,KaraAgroAI Cocoa Dataset,healthy_05.rar,1d9da6ee96c4f4595157a2234d906c3594c087c3442ffda1b7e450b7f8e30b60,unassigned
-5805312977254070923_121-14_19_23,data/raw/karaagroai/healthy_05/healthy_01/-5805312977254070923_121-14_19_23.jpg,cocoa,healthy,KaraAgroAI Cocoa Dataset,healthy_05.rar,2253e4d7f3315671834c1e2436e17e3552d93749c055926aded4e3896c1d4e79,unassigned
-5805312977254070924_121-14_19_28,data/raw/karaagroai/healthy_05/healthy_01/-5805312977254070924_121-14_19_28.jpg,cocoa,healthy,KaraAgroAI Cocoa Dataset,healthy_05.rar,6955737f1e17efa74b8c8ed1283f77cb5235e663066b48aaa06620952a1005bc,unassigned
-5805312977254070925_121-14_19_33,data/raw/karaagroai/healthy_05/healthy_01/-5805312977254070925_121-14_19_33.jpg,cocoa,healthy,KaraAgroAI Cocoa Dataset,healthy_05.rar,3d7b22bdafc2eb51d3a8dada860887f3f651cd401ba23ec6362006098abbba69,unassigned
-5805312977254070926_121-14_19_38,data/raw/karaagroai/healthy_05/healthy_01/-5805312977254070926_121-14_19_38.jpg,cocoa,healthy,KaraAgroAI Cocoa Dataset,healthy_05.rar,ed43b7f92b2818ed5088f99f352644b229e4b30f4e67e47fc8d1eff4140eac28,unassigned
-5805312977254070927_121-14_19_44,data/raw/karaagroai/healthy_05/healthy_01/-5805312977254070927_121-14_19_44.jpg,cocoa,healthy,KaraAgroAI Cocoa Dataset,healthy_05.rar,e74ab788cf9b60f9db3676a5c7eb09831370d2a37da649f3cebc842f33597f3b,unassigned
-5805312977254070928_121-14_19_50,data/raw/karaagroai/healthy_05/healthy_01/-5805312977254070928_121-14_19_50.jpg,cocoa,healthy,KaraAgroAI Cocoa Dataset,healthy_05.rar,7b93a57e33ad2cc4e7ab8c4795f2116a3576ce32da5296c56301501e9be48f95,unassigned
-5805312977254070938_121-14_22_39,data/raw/karaagroai/healthy_05/healthy_01/-5805312977254070938_121-14_22_39.jpg,cocoa,healthy,KaraAgroAI Cocoa Dataset,healthy_05.rar,69d141458ba3ba92d77b80bc90653fc3555cd47f766db659caff7e6434314e90,unassigned
-5805312977254070939_121-14_22_54,data/raw/karaagroai/healthy_05/healthy_01/-5805312977254070939_121-14_22_54.jpg,cocoa,healthy,KaraAgroAI Cocoa Dataset,healthy_05.rar,b26fde58bde4aab6e0264ecffa5b08c308d3c82068e4c0e58515bbb05a82b82f,unassigned
-5805312977254070940_121-14_22_59,data/raw/karaagroai/healthy_05/healthy_01/-5805312977254070940_121-14_22_59.jpg,cocoa,healthy,KaraAgroAI Cocoa Dataset,healthy_05.rar,8cb7a3b1df5f6f1beb4b372670eb03fff0f275a6362db84314b80d51e7c7c58b,unassigned
-5805312977254070941_121-14_24_24,data/raw/karaagroai/healthy_05/healthy_01/-5805312977254070941_121-14_24_24.jpg,cocoa,healthy,KaraAgroAI Cocoa Dataset,healthy_05.rar,60517c87f02e07fe296be3efc073aebf2a31b7329152a4f4f7487de4d635aeed,unassigned
-5805312977254070942_121-14_37_39,data/raw/karaagroai/healthy_05/healthy_01/-5805312977254070942_121-14_37_39.jpg,cocoa,healthy,KaraAgroAI Cocoa Dataset,healthy_05.rar,b5ee6cdbdc83bf95c5a709ba732b587aae8f7072aa08ae98bc6418c12511a7f9,unassigned
-5805312977254070943_121-14_37_46,data/raw/karaagroai/healthy_05/healthy_01/-5805312977254070943_121-14_37_46.jpg,cocoa,healthy,KaraAgroAI Cocoa Dataset,healthy_05.rar,1978118ec93f87ce049d02cad24f4cc0638c3a378314d2004d0c6168ad174241,unassigned
-5805312977254070944_121-14_37_52,data/raw/karaagroai/healthy_05/healthy_01/-5805312977254070944_121-14_37_52.jpg,cocoa,healthy,KaraAgroAI Cocoa Dataset,healthy_05.rar,c293a0445bc8d1bf17eb48e5c1c06761b38343c3505ead532d029a08950a0cca,unassigned
-5805312977254070945_121-14_37_57,data/raw/karaagroai/healthy_05/healthy_01/-5805312977254070945_121-14_37_57.jpg,cocoa,healthy,KaraAgroAI Cocoa Dataset,healthy_05.rar,6930fa6a1cd255c5ccc4566f8bcb147af2aabcc6dc59ccd9bb69c53c261cc773,unassigned
-5805312977254070947_121-14_38_13,data/raw/karaagroai/healthy_05/healthy_01/-5805312977254070947_121-14_38_13.jpg,cocoa,healthy,KaraAgroAI Cocoa Dataset,healthy_05.rar,b56b66ba02afd3234d8003cb71175f30333c1751f647544f8eab076805e0269a,unassigned
-5805312977254070955_121-14_40_10,data/raw/karaagroai/healthy_05/healthy_01/-5805312977254070955_121-14_40_10.jpg,cocoa,healthy,KaraAgroAI Cocoa Dataset,healthy_05.rar,ea6df080845daf20e9a3e3befa1fb0a45b21b5ef648ef8c51c3270034ee067ff,unassigned
-5805312977254070956_121-14_40_15,data/raw/karaagroai/healthy_05/healthy_01/-5805312977254070956_121-14_40_15.jpg,cocoa,healthy,KaraAgroAI Cocoa Dataset,healthy_05.rar,2b740bbc83a1616ac03b7820f4d83ce53ec41ad53b699bc73a3e04662f1b3c66,unassigned
-5805312977254070957_121-14_40_22,data/raw/karaagroai/healthy_05/healthy_01/-5805312977254070957_121-14_40_22.jpg,cocoa,healthy,KaraAgroAI Cocoa Dataset,healthy_05.rar,5cadd7b9d242ca5cd02b9c9cc99dfc7eeaa969e3edf6f06ac44111ce7dba3af3,unassigned
-5805312977254070958_121-14_40_26,data/raw/karaagroai/healthy_05/healthy_01/-5805312977254070958_121-14_40_26.jpg,cocoa,healthy,KaraAgroAI Cocoa Dataset,healthy_05.rar,fbe44d4f391e24607577e3b1219730be57c951474b96c0534c84158f49deb8d7,unassigned
-5805312977254070959_121-14_40_32,data/raw/karaagroai/healthy_05/healthy_01/-5805312977254070959_121-14_40_32.jpg,cocoa,healthy,KaraAgroAI Cocoa Dataset,healthy_05.rar,e3b18a6e94c6acbab9d4360c465d240c10f7d2bff1be0aae31edad82263b54c0,unassigned
-5805312977254070964_121-14_42_10,data/raw/karaagroai/healthy_05/healthy_01/-5805312977254070964_121-14_42_10.jpg,cocoa,healthy,KaraAgroAI Cocoa Dataset,healthy_05.rar,221193cc90f80f9f2b11e0191e730271df3f1c9ffdd1e2b04c20a8d53a656286,unassigned
-5805312977254070965_121-14_42_15,data/raw/karaagroai/healthy_05/healthy_01/-5805312977254070965_121-14_42_15.jpg,cocoa,healthy,KaraAgroAI Cocoa Dataset,healthy_05.rar,af2d37024b3ee18122e70d6f42d01ec5c33d325377683e45a60170b1734a14ba,unassigned
-5805312977254070966_121-14_42_21,data/raw/karaagroai/healthy_05/healthy_01/-5805312977254070966_121-14_42_21.jpg,cocoa,healthy,KaraAgroAI Cocoa Dataset,healthy_05.rar,fa17c6a3606179944cf1770bb4a2adf12d8fa1dd256406124cc8bed4957e60fb,unassigned
-5805312977254070967_121-14_42_27,data/raw/karaagroai/healthy_05/healthy_01/-5805312977254070967_121-14_42_27.jpg,cocoa,healthy,KaraAgroAI Cocoa Dataset,healthy_05.rar,9e3eb41572c71a9b8a72750e58f5c5f15355867d1ec5d76752c5717fc3a08f55,unassigned
-5805312977254070971_121-14_44_30,data/raw/karaagroai/healthy_05/healthy_01/-5805312977254070971_121-14_44_30.jpg,cocoa,healthy,KaraAgroAI Cocoa Dataset,healthy_05.rar,a1bfe3aa6646652fb17b35e101d6405e07db427847f433a4514a08e7d807d3a6,unassigned
-5805312977254070972_121-14_44_37,data/raw/karaagroai/healthy_05/healthy_01/-5805312977254070972_121-14_44_37.jpg,cocoa,healthy,KaraAgroAI Cocoa Dataset,healthy_05.rar,d336f9d83fdad35d4fbfc1fecdbbd339e0b96b44219da975576f1de6828f213f,unassigned
-5805312977254070973_121-14_44_42,data/raw/karaagroai/healthy_05/healthy_01/-5805312977254070973_121-14_44_42.jpg,cocoa,healthy,KaraAgroAI Cocoa Dataset,healthy_05.rar,7317fc174f79936accff1dfcc7170f6685188c5a0ffc5e3f858f15255d43f99e,unassigned
-5805312977254070974_121-14_44_47,data/raw/karaagroai/healthy_05/healthy_01/-5805312977254070974_121-14_44_47.jpg,cocoa,healthy,KaraAgroAI Cocoa Dataset,healthy_05.rar,06dbf385bc6dfddf6da90050a467c6ac58c7d92f09317919fbf125cacf4440cc,unassigned
-5805312977254070975_121-14_44_52,data/raw/karaagroai/healthy_05/healthy_01/-5805312977254070975_121-14_44_52.jpg,cocoa,healthy,KaraAgroAI Cocoa Dataset,healthy_05.rar,ced7eec287377903ef98e7f76ff9d209524630a6c9490482ac06eceea4ae5009,unassigned
-5805312977254070976_121-14_44_57,data/raw/karaagroai/healthy_05/healthy_01/-5805312977254070976_121-14_44_57.jpg,cocoa,healthy,KaraAgroAI Cocoa Dataset,healthy_05.rar,fb21d411d5e0f438df533fb34159013c1fc7301c2dc7aa97dea1de0ff051dd2a,unassigned
-5805312977254070977_121-14_45_2,data/raw/karaagroai/healthy_05/healthy_01/-5805312977254070977_121-14_45_2.jpg,cocoa,healthy,KaraAgroAI Cocoa Dataset,healthy_05.rar,4a1cdf6e71647a14af5a69e9ddd1176ce3d9cd3cb9a9328e7fc492a800a84189,unassigned
-5805312977254070978_121-14_45_7,data/raw/karaagroai/healthy_05/healthy_01/-5805312977254070978_121-14_45_7.jpg,cocoa,healthy,KaraAgroAI Cocoa Dataset,healthy_05.rar,d1de5a2a91c9db4b00ad13371b972bc3be6e79d52f28c38684bf84b0d329b77d,unassigned
-5805312977254070979_121-14_45_11,data/raw/karaagroai/healthy_05/healthy_01/-5805312977254070979_121-14_45_11.jpg,cocoa,healthy,KaraAgroAI Cocoa Dataset,healthy_05.rar,295c3fd95cf8f5f2f4084b0814be44f4f4dec90a05717d24b5f9217570af0379,unassigned
-5805312977254070980_121-14_45_17,data/raw/karaagroai/healthy_05/healthy_01/-5805312977254070980_121-14_45_17.jpg,cocoa,healthy,KaraAgroAI Cocoa Dataset,healthy_05.rar,0d6319e897321abdabe78a235d4af80a8e4b867ac82f04dfe85a6bd582a5f5cb,unassigned
-5805312977254070984_121-14_46_26,data/raw/karaagroai/healthy_05/healthy_01/-5805312977254070984_121-14_46_26.jpg,cocoa,healthy,KaraAgroAI Cocoa Dataset,healthy_05.rar,6f76e107e5c96ad391382ea79f9316be4007318f18de8fc2037fe9cb04e0b8e2,unassigned
-5805312977254070985_121-14_46_30,data/raw/karaagroai/healthy_05/healthy_01/-5805312977254070985_121-14_46_30.jpg,cocoa,healthy,KaraAgroAI Cocoa Dataset,healthy_05.rar,d6d3aa29b1cd7623580ccfc8ab4b98a1d8b2143b13c14d1e014cab0dafa30e7e,unassigned
-5805312977254070986_121-14_46_36,data/raw/karaagroai/healthy_05/healthy_01/-5805312977254070986_121-14_46_36.jpg,cocoa,healthy,KaraAgroAI Cocoa Dataset,healthy_05.rar,b6b2e9a5aea8409463d2973042420761caab01bc52d994d3e798f064c3201cef,unassigned
-5805312977254070987_121-14_46_41,data/raw/karaagroai/healthy_05/healthy_01/-5805312977254070987_121-14_46_41.jpg,cocoa,healthy,KaraAgroAI Cocoa Dataset,healthy_05.rar,3e20aa2b5292acc47779420b2675665474a0a20767a109c123e1dd41c36a285a,unassigned
-5805312977254070988_121-14_46_46,data/raw/karaagroai/healthy_05/healthy_01/-5805312977254070988_121-14_46_46.jpg,cocoa,healthy,KaraAgroAI Cocoa Dataset,healthy_05.rar,7c025b8c1be6501aa2514f5d50adee121f47d2b2f379c5c8cd16b088e4ee25c5,unassigned
-5805312977254070991_121-15_0_0,data/raw/karaagroai/healthy_05/healthy_01/-5805312977254070991_121-15_0_0.jpg,cocoa,healthy,KaraAgroAI Cocoa Dataset,healthy_05.rar,72cc0f7b6a0f730570800099a45bcffbaad84562bc00695495914e0250972f9c,unassigned
-5805312977254070992_121-15_0_4,data/raw/karaagroai/healthy_05/healthy_01/-5805312977254070992_121-15_0_4.jpg,cocoa,healthy,KaraAgroAI Cocoa Dataset,healthy_05.rar,58b22fd2c3dccb0f708a3556fe8c3bbc600f845983cb6677a108b76638a0edb3,unassigned
-5805312977254070993_121-15_0_9,data/raw/karaagroai/healthy_05/healthy_01/-5805312977254070993_121-15_0_9.jpg,cocoa,healthy,KaraAgroAI Cocoa Dataset,healthy_05.rar,685108331414818f2032efc5fafdae0a46da1e30c1d3e5a9d3a786d8dc5e47ab,unassigned
-5805312977254070994_121-15_0_15,data/raw/karaagroai/healthy_05/healthy_01/-5805312977254070994_121-15_0_15.jpg,cocoa,healthy,KaraAgroAI Cocoa Dataset,healthy_05.rar,e504ee14b6431f2af785d9a55a885dfb43039a2173cd8674f30636287e2fb920,unassigned
-5805312977254070995_121-15_0_19,data/raw/karaagroai/healthy_05/healthy_01/-5805312977254070995_121-15_0_19.jpg,cocoa,healthy,KaraAgroAI Cocoa Dataset,healthy_05.rar,0cda2526ca932d8e04bc2e3b0933a73eae668e7a2301b7af31125d11ad961356,unassigned
-5805312977254070996_121-15_4_31,data/raw/karaagroai/healthy_05/healthy_01/-5805312977254070996_121-15_4_31.jpg,cocoa,healthy,KaraAgroAI Cocoa Dataset,healthy_05.rar,3df0c8fa682ac9f04cc115ce3f4d46ee0518ab639d13e567a575d46d3db41e04,unassigned
-5805312977254070997_121-15_4_38,data/raw/karaagroai/healthy_05/healthy_01/-5805312977254070997_121-15_4_38.jpg,cocoa,healthy,KaraAgroAI Cocoa Dataset,healthy_05.rar,a4f55f67f96784206d4edeb8014b4574368fe5dfef58ff921d3632b1c8b3e07c,unassigned
-5805312977254070998_121-15_4_43,data/raw/karaagroai/healthy_05/healthy_01/-5805312977254070998_121-15_4_43.jpg,cocoa,healthy,KaraAgroAI Cocoa Dataset,healthy_05.rar,bd9af252dafddd9fe75b20d93d51179ee47683edf3ec0446abade99c7a246ec0,unassigned
-5805312977254070999_121-15_4_48,data/raw/karaagroai/healthy_05/healthy_01/-5805312977254070999_121-15_4_48.jpg,cocoa,healthy,KaraAgroAI Cocoa Dataset,healthy_05.rar,013c14330b8fb037527e6443b5f0b42997a64dc5ce21ccb353dd08a83471f90a,unassigned
-5805312977254071000_121-15_5_39,data/raw/karaagroai/healthy_05/healthy_01/-5805312977254071000_121-15_5_39.jpg,cocoa,healthy,KaraAgroAI Cocoa Dataset,healthy_05.rar,4735bae81b836eade21a7e15d148de8ae369d4a4ead362856ef6a1d2852077b9,unassigned
-5805312977254071001_121-15_10_29,data/raw/karaagroai/healthy_05/healthy_01/-5805312977254071001_121-15_10_29.jpg,cocoa,healthy,KaraAgroAI Cocoa Dataset,healthy_05.rar,ee872a7cce52364955cfbf0daf6a620c4a16c7a93c4fd6f3c206bf1308d1477c,unassigned
-5805312977254071002_121-15_10_34,data/raw/karaagroai/healthy_05/healthy_01/-5805312977254071002_121-15_10_34.jpg,cocoa,healthy,KaraAgroAI Cocoa Dataset,healthy_05.rar,b900f0417e477421cfd5ddf271b83d8b4e5edd4fefd6c0311c1ae9944c46f31e,unassigned
-5805312977254071003_121-15_10_38,data/raw/karaagroai/healthy_05/healthy_01/-5805312977254071003_121-15_10_38.jpg,cocoa,healthy,KaraAgroAI Cocoa Dataset,healthy_05.rar,fa957c023b6babf6d844989673abd2dfda6aba3024944fc2a049f7f3a60db6df,unassigned
-5805312977254071004_121-15_10_42,data/raw/karaagroai/healthy_05/healthy_01/-5805312977254071004_121-15_10_42.jpg,cocoa,healthy,KaraAgroAI Cocoa Dataset,healthy_05.rar,06d235aba69530e18ee03042456536d668d4ce7248d37c1d5ffed9205f616a00,unassigned
-5805312977254071005_121-15_10_46,data/raw/karaagroai/healthy_05/healthy_01/-5805312977254071005_121-15_10_46.jpg,cocoa,healthy,KaraAgroAI Cocoa Dataset,healthy_05.rar,198e27f777fa96e0287fc0db02f98c0654f799c7884ff2d9d5258233afdd3bbc,unassigned
-5805312977254071006_121-15_10_50,data/raw/karaagroai/healthy_05/healthy_01/-5805312977254071006_121-15_10_50.jpg,cocoa,healthy,KaraAgroAI Cocoa Dataset,healthy_05.rar,40384c9f0fc2c3d7aec7dca15429cec6cc2be78bdb6fc33281ac3e924916fb71,unassigned
-5805312977254071007_121-15_10_55,data/raw/karaagroai/healthy_05/healthy_01/-5805312977254071007_121-15_10_55.jpg,cocoa,healthy,KaraAgroAI Cocoa Dataset,healthy_05.rar,8e27255eba351d04e88d157f5607a2d8fa7bfa0a8ef0a5ef9921bffdc0bcd40c,unassigned
-5805312977254071008_121-15_11_1,data/raw/karaagroai/healthy_05/healthy_01/-5805312977254071008_121-15_11_1.jpg,cocoa,healthy,KaraAgroAI Cocoa Dataset,healthy_05.rar,fdcefb8ef2376bcc9d9256a6059bf52b66a55d6af530f4b947d10c62ad47f43f,unassigned
-5805312977254071010_121-15_11_11,data/raw/karaagroai/healthy_05/healthy_01/-5805312977254071010_121-15_11_11.jpg,cocoa,healthy,KaraAgroAI Cocoa Dataset,healthy_05.rar,670d5e3fec68b5fd7f03259d659e38db807a248cb37ac01be54689bc9fda4c91,unassigned
-5805312977254071011_121-15_12_6,data/raw/karaagroai/healthy_05/healthy_01/-5805312977254071011_121-15_12_6.jpg,cocoa,healthy,KaraAgroAI Cocoa Dataset,healthy_05.rar,ca16c6ed554af1c5d9d3e5bb6a71eff225a7db43058d4a545f1010120d4c16ed,unassigned
-5805312977254071012_121-15_12_10,data/raw/karaagroai/healthy_05/healthy_01/-5805312977254071012_121-15_12_10.jpg,cocoa,healthy,KaraAgroAI Cocoa Dataset,healthy_05.rar,3162a6431ffc01f03a111bfb8d38a94430258ec0d495fcd851854ded2584dbac,unassigned
-5805312977254071013_121-15_12_14,data/raw/karaagroai/healthy_05/healthy_01/-5805312977254071013_121-15_12_14.jpg,cocoa,healthy,KaraAgroAI Cocoa Dataset,healthy_05.rar,7f9ce96e4e243fdd35f47198147b6c5fda80517c0fecd5aa7d6aadda5fc640f3,unassigned
-5805312977254071014_121-15_12_18,data/raw/karaagroai/healthy_05/healthy_01/-5805312977254071014_121-15_12_18.jpg,cocoa,healthy,KaraAgroAI Cocoa Dataset,healthy_05.rar,5989abc87aef439bfe8ceb6998955fac4dac873454899c4e2caa6d06e35894f3,unassigned
-5805312977254071015_121-15_12_23,data/raw/karaagroai/healthy_05/healthy_01/-5805312977254071015_121-15_12_23.jpg,cocoa,healthy,KaraAgroAI Cocoa Dataset,healthy_05.rar,764948a109816c8114d6839aa4c6176b07d93d9c1ff1adecdb87f93e676275f6,unassigned
-5805312977254071016_121-15_12_27,data/raw/karaagroai/healthy_05/healthy_01/-5805312977254071016_121-15_12_27.jpg,cocoa,healthy,KaraAgroAI Cocoa Dataset,healthy_05.rar,36dfa58bc1889be6956c54d7dd77a521e01bc353042001016905c6f81e13de50,unassigned
-5805312977254071017_121-15_12_32,data/raw/karaagroai/healthy_05/healthy_01/-5805312977254071017_121-15_12_32.jpg,cocoa,healthy,KaraAgroAI Cocoa Dataset,healthy_05.rar,fff506d5e31cb245dc64a112ef209b219dfe1da2a13d7b08d7484a91f5d77145,unassigned
-5805312977254071018_121-15_12_36,data/raw/karaagroai/healthy_05/healthy_01/-5805312977254071018_121-15_12_36.jpg,cocoa,healthy,KaraAgroAI Cocoa Dataset,healthy_05.rar,837a3f952a71491af79206ca05c0e3be2f5bd126fdf0ff27300457468085782d,unassigned
-5805312977254071023_121-15_13_33,data/raw/karaagroai/healthy_05/healthy_01/-5805312977254071023_121-15_13_33.jpg,cocoa,healthy,KaraAgroAI Cocoa Dataset,healthy_05.rar,585a2f7d4556aab6db1fe421449a85abf28e9aca314e732f63060b0ad9b8ff5e,unassigned
-5805312977254071024_121-15_13_38,data/raw/karaagroai/healthy_05/healthy_01/-5805312977254071024_121-15_13_38.jpg,cocoa,healthy,KaraAgroAI Cocoa Dataset,healthy_05.rar,b24100cf18ba3d44e3e6ef033904d6ead49e00d7325a97b5b69fe6111ca5b847,unassigned
-5805312977254071025_121-15_13_44,data/raw/karaagroai/healthy_05/healthy_01/-5805312977254071025_121-15_13_44.jpg,cocoa,healthy,KaraAgroAI Cocoa Dataset,healthy_05.rar,b3d6de5cfad80dfafd8134da9c09a732fea95afc28256037076655ae9190d263,unassigned
-5805312977254071026_121-15_13_48,data/raw/karaagroai/healthy_05/healthy_01/-5805312977254071026_121-15_13_48.jpg,cocoa,healthy,KaraAgroAI Cocoa Dataset,healthy_05.rar,fe4d46ac42a2e5bd887851895a81bc0c93a1273869c05539835e7cf7ce310008,unassigned
-5805312977254071027_121-15_13_53,data/raw/karaagroai/healthy_05/healthy_01/-5805312977254071027_121-15_13_53.jpg,cocoa,healthy,KaraAgroAI Cocoa Dataset,healthy_05.rar,7acf73d1759417c1975e87a1848adc8fa482c914b8b6fb2f92a92d3f53ea9b53,unassigned
-5805312977254071030_121-15_14_9,data/raw/karaagroai/healthy_05/healthy_01/-5805312977254071030_121-15_14_9.jpg,cocoa,healthy,KaraAgroAI Cocoa Dataset,healthy_05.rar,0ef61aaf360b4829253d45d08d52a1e1f8029e25d03a2b70bd225575b2ac703e,unassigned
-5805312977254071031_121-15_14_15,data/raw/karaagroai/healthy_05/healthy_01/-5805312977254071031_121-15_14_15.jpg,cocoa,healthy,KaraAgroAI Cocoa Dataset,healthy_05.rar,1d6fb9adcc67572fc76bf3e89c3bd5c13a1060f670128f595bd5c249fe31c3dd,unassigned
-5805312977254071032_121-15_14_52,data/raw/karaagroai/healthy_05/healthy_01/-5805312977254071032_121-15_14_52.jpg,cocoa,healthy,KaraAgroAI Cocoa Dataset,healthy_05.rar,f9501ed2fce01f759ee95cc318bb24c71d122d33c25d7fd35c5e73eb007810e9,unassigned
-5805312977254071033_121-15_14_57,data/raw/karaagroai/healthy_05/healthy_01/-5805312977254071033_121-15_14_57.jpg,cocoa,healthy,KaraAgroAI Cocoa Dataset,healthy_05.rar,646109bb0c2a6117999b23716c3b9d9900b88a196851cdb0424c5d867fd0957d,unassigned
-5805312977254071035_121-15_15_3,data/raw/karaagroai/healthy_05/healthy_01/-5805312977254071035_121-15_15_3.jpg,cocoa,healthy,KaraAgroAI Cocoa Dataset,healthy_05.rar,fa64145b2ba49dacdbca8dfc13b7f36aa14184d358e9b7408723a3e7a32dcfd5,unassigned
-5805312977254071036_121-15_15_14,data/raw/karaagroai/healthy_05/healthy_01/-5805312977254071036_121-15_15_14.jpg,cocoa,healthy,KaraAgroAI Cocoa Dataset,healthy_05.rar,67db44100c0305d52dc1174e706a9de7544c328c56bcdfd016770f3dd9b56581,unassigned
-5805312977254071038_121-15_15_34,data/raw/karaagroai/healthy_05/healthy_01/-5805312977254071038_121-15_15_34.jpg,cocoa,healthy,KaraAgroAI Cocoa Dataset,healthy_05.rar,fe68df8a025575dca81cdd82d029d142e99dbff910473e578cbfbd500100d316,unassigned
-5805312977254071039_121-15_15_40,data/raw/karaagroai/healthy_05/healthy_01/-5805312977254071039_121-15_15_40.jpg,cocoa,healthy,KaraAgroAI Cocoa Dataset,healthy_05.rar,b73d717d241d4a86d7b35d853fb1c58de094ac74f4480a3bdce6b93658b298e8,unassigned
-5805312977254071040_121-15_15_45,data/raw/karaagroai/healthy_05/healthy_01/-5805312977254071040_121-15_15_45.jpg,cocoa,healthy,KaraAgroAI Cocoa Dataset,healthy_05.rar,b20b72b68927a3cc6743c6a7a57f80aec5f2c80f2a584171a435adc49548eb92,unassigned
-5805312977254071041_121-15_15_53,data/raw/karaagroai/healthy_05/healthy_01/-5805312977254071041_121-15_15_53.jpg,cocoa,healthy,KaraAgroAI Cocoa Dataset,healthy_05.rar,82905d57caac91c8bf3cfb289fb7d3525c34af9aa657d71b6f57f9f52662cdde,unassigned
-5805312977254071042_121-15_16_13,data/raw/karaagroai/healthy_05/healthy_01/-5805312977254071042_121-15_16_13.jpg,cocoa,healthy,KaraAgroAI Cocoa Dataset,healthy_05.rar,685d6dca586598f74636c864d72d7ef23a9d4632b8113d17a10544185b473406,unassigned
-5805312977254071043_121-15_16_55,data/raw/karaagroai/healthy_05/healthy_01/-5805312977254071043_121-15_16_55.jpg,cocoa,healthy,KaraAgroAI Cocoa Dataset,healthy_05.rar,92dc5590a616cc672a2f4ee1944f7c87c00fd093e737fdb4fc5e38a8fee886c8,unassigned
-5805312977254071044_121-15_17_0,data/raw/karaagroai/healthy_05/healthy_01/-5805312977254071044_121-15_17_0.jpg,cocoa,healthy,KaraAgroAI Cocoa Dataset,healthy_05.rar,4148cacaa7b3733fbfa1f6bc36130ac4a40a973ef57719ad94b8f98c74b28628,unassigned
-5805312977254071045_121-15_17_5,data/raw/karaagroai/healthy_05/healthy_01/-5805312977254071045_121-15_17_5.jpg,cocoa,healthy,KaraAgroAI Cocoa Dataset,healthy_05.rar,eea50e67cc7cd4baa37edb4429613995cd59fcdb946173a21ada2533815cc730,unassigned
-5805312977254071047_121-15_17_13,data/raw/karaagroai/healthy_05/healthy_01/-5805312977254071047_121-15_17_13.jpg,cocoa,healthy,KaraAgroAI Cocoa Dataset,healthy_05.rar,80b50ead1fe5b8a8bf1586fb2ff327991d8a7afa2c69189e4de162b8141e5315,unassigned
-5805312977254071048_121-15_17_22,data/raw/karaagroai/healthy_05/healthy_01/-5805312977254071048_121-15_17_22.jpg,cocoa,healthy,KaraAgroAI Cocoa Dataset,healthy_05.rar,3077173220c5735bc6514b9efa7fc5b683f50ecad31095f43971f919974fe974,unassigned
-5805312977254071049_121-15_17_31,data/raw/karaagroai/healthy_05/healthy_01/-5805312977254071049_121-15_17_31.jpg,cocoa,healthy,KaraAgroAI Cocoa Dataset,healthy_05.rar,feb7bb59f999ae4730b2f6552de903290ea27b4b78dd59f21f52953d98e8b1b1,unassigned
-5805312977254071051_121-15_17_46,data/raw/karaagroai/healthy_05/healthy_01/-5805312977254071051_121-15_17_46.jpg,cocoa,mixed,KaraAgroAI Cocoa Dataset,healthy_05.rar,fbd24f530dca3a3e327cbf35b50e7e955b5a82598e9afa8c185070a4ade87dab,unassigned
-5805312977254071052_121-15_17_52,data/raw/karaagroai/healthy_05/healthy_01/-5805312977254071052_121-15_17_52.jpg,cocoa,healthy,KaraAgroAI Cocoa Dataset,healthy_05.rar,5f43b314165587369852b22a357835a9dea704b446760394a2f4d29b8c8bac94,unassigned
-5805312977254071053_121-15_20_39,data/raw/karaagroai/healthy_05/healthy_01/-5805312977254071053_121-15_20_39.jpg,cocoa,healthy,KaraAgroAI Cocoa Dataset,healthy_05.rar,aa28df09e8cb0c2cdb5bd7d854e6efd26ba7308d76b50a24a7d99bcb61398cfb,unassigned
-5805312977254071054_121-15_21_5,data/raw/karaagroai/healthy_05/healthy_01/-5805312977254071054_121-15_21_5.jpg,cocoa,healthy,KaraAgroAI Cocoa Dataset,healthy_05.rar,ae67b17da02f8a3a9ed473dae59f2e0146c85e01e62a4cd7e9fe94f12b1886ed,unassigned
-5805312977254071055_121-15_21_10,data/raw/karaagroai/healthy_05/healthy_01/-5805312977254071055_121-15_21_10.jpg,cocoa,healthy,KaraAgroAI Cocoa Dataset,healthy_05.rar,0a7d5f83742d55b8fc99e22a8c380a5caa274929bd63b960f3d6507a798100e1,unassigned
-5805312977254071056_121-15_21_15,data/raw/karaagroai/healthy_05/healthy_01/-5805312977254071056_121-15_21_15.jpg,cocoa,healthy,KaraAgroAI Cocoa Dataset,healthy_05.rar,77121cebfbe0f9cda655e707d5e7f0f6596f44ace21dd094cf043b3c1ccc2f1a,unassigned
-5805312977254071060_121-15_21_34,data/raw/karaagroai/healthy_05/healthy_01/-5805312977254071060_121-15_21_34.jpg,cocoa,healthy,KaraAgroAI Cocoa Dataset,healthy_05.rar,ff1325712ea5b08eae9bab6fb70af788752117c5e677910f9cbbb6b350065fe1,unassigned
-5805312977254071061_121-15_21_39,data/raw/karaagroai/healthy_05/healthy_01/-5805312977254071061_121-15_21_39.jpg,cocoa,healthy,KaraAgroAI Cocoa Dataset,healthy_05.rar,b77d0f9ee8a71e6d36efb74781376ab07ce160abf0754888024c3da855ef0c51,unassigned
-5805312977254071062_121-15_21_45,data/raw/karaagroai/healthy_05/healthy_01/-5805312977254071062_121-15_21_45.jpg,cocoa,healthy,KaraAgroAI Cocoa Dataset,healthy_05.rar,85427f26a2fa5bc4cae5bc7eaf987bce11ef15626d4f6c5a9fe52f99cbd515aa,unassigned
-5805312977254071063_121-15_22_36,data/raw/karaagroai/healthy_05/healthy_01/-5805312977254071063_121-15_22_36.jpg,cocoa,healthy,KaraAgroAI Cocoa Dataset,healthy_05.rar,0e8bd38c5d97024af0ebb816297cf12a7e84c1d650c60b5e07654c4880721aba,unassigned
-5805312977254071064_121-15_22_43,data/raw/karaagroai/healthy_05/healthy_01/-5805312977254071064_121-15_22_43.jpg,cocoa,healthy,KaraAgroAI Cocoa Dataset,healthy_05.rar,8f4a54bfbef181f7b934152ee362edec03a5aba454ca819194950bd84a5e2851,unassigned
-5805312977254071065_121-15_22_48,data/raw/karaagroai/healthy_05/healthy_01/-5805312977254071065_121-15_22_48.jpg,cocoa,healthy,KaraAgroAI Cocoa Dataset,healthy_05.rar,e9f0b7151cc0fbc2230b102f6e739d197bdf536d5d428d7dad2d6043b916e1e4,unassigned
-5805312977254071066_121-15_22_52,data/raw/karaagroai/healthy_05/healthy_01/-5805312977254071066_121-15_22_52.jpg,cocoa,healthy,KaraAgroAI Cocoa Dataset,healthy_05.rar,56bc43cd22e4f83b3e32477eafa7d96e7ebd8e67f6c22fa1f4f2c8fccd68ee66,unassigned
-5805312977254071067_121-15_22_58,data/raw/karaagroai/healthy_05/healthy_01/-5805312977254071067_121-15_22_58.jpg,cocoa,healthy,KaraAgroAI Cocoa Dataset,healthy_05.rar,b8e1034493d9d13f7dfa41274351ac7fe99c544ecf5b569bd0cd84850fcd7b21,unassigned
-5805312977254071068_121-15_23_4,data/raw/karaagroai/healthy_05/healthy_01/-5805312977254071068_121-15_23_4.jpg,cocoa,healthy,KaraAgroAI Cocoa Dataset,healthy_05.rar,14b2d3d85dadb94991c0ad8047f122b78be194e981b2f22552ab4ec84e47e5c7,unassigned
-5805312977254071071_121-15_23_24,data/raw/karaagroai/healthy_05/healthy_01/-5805312977254071071_121-15_23_24.jpg,cocoa,healthy,KaraAgroAI Cocoa Dataset,healthy_05.rar,1524d942d44852e1e8a6104ca9300391a9ccd64ba5a43ba64765a426bdada3ad,unassigned
-5805312977254071072_121-15_23_31,data/raw/karaagroai/healthy_05/healthy_01/-5805312977254071072_121-15_23_31.jpg,cocoa,healthy,KaraAgroAI Cocoa Dataset,healthy_05.rar,7acd81e511af761940259bc43e71515e698f58c19334e1f4dc34549e5fef1932,unassigned
-5805312977254071073_121-15_24_8,data/raw/karaagroai/healthy_05/healthy_01/-5805312977254071073_121-15_24_8.jpg,cocoa,healthy,KaraAgroAI Cocoa Dataset,healthy_05.rar,519f641d388156dcd247d936aa88d4a89e7d28cbbc20cf080c0c62251ffa2b92,unassigned
-5805312977254071074_121-15_24_14,data/raw/karaagroai/healthy_05/healthy_01/-5805312977254071074_121-15_24_14.jpg,cocoa,healthy,KaraAgroAI Cocoa Dataset,healthy_05.rar,adc697fbcbd62f5c78cb74feb37ba4489529a5a98e134e450cbca6ce81ba94a6,unassigned
-5805312977254071077_121-15_24_30,data/raw/karaagroai/healthy_05/healthy_01/-5805312977254071077_121-15_24_30.jpg,cocoa,healthy,KaraAgroAI Cocoa Dataset,healthy_05.rar,34ce8b2d8bd08dc5f4fafd43790c4840101135e920bfa020d5ca73cfbe8e798f,unassigned
-5805312977254071078_121-15_24_36,data/raw/karaagroai/healthy_05/healthy_01/-5805312977254071078_121-15_24_36.jpg,cocoa,healthy,KaraAgroAI Cocoa Dataset,healthy_05.rar,55775659f96d3c42277fbe8d66ddc80d6785a0c0df82a526f1c5033a564fda2c,unassigned
-5805312977254071079_121-15_24_42,data/raw/karaagroai/healthy_05/healthy_01/-5805312977254071079_121-15_24_42.jpg,cocoa,healthy,KaraAgroAI Cocoa Dataset,healthy_05.rar,398395f2d5de3113754b60a256acb59d4aa998926d7588a31dd736f11347c658,unassigned
-5805312977254071080_121-15_24_57,data/raw/karaagroai/healthy_05/healthy_01/-5805312977254071080_121-15_24_57.jpg,cocoa,healthy,KaraAgroAI Cocoa Dataset,healthy_05.rar,eba4f3590fba157b3723e3194ee4285d478103e07c59964950ce0c7c8b3d99a6,unassigned
-5805312977254071081_121-15_25_3,data/raw/karaagroai/healthy_05/healthy_01/-5805312977254071081_121-15_25_3.jpg,cocoa,healthy,KaraAgroAI Cocoa Dataset,healthy_05.rar,70a303553dae557f1a72c223793c8913838d09ef00844c64828f2f45a9655d2e,unassigned
-5805312977254071082_121-15_25_9,data/raw/karaagroai/healthy_05/healthy_01/-5805312977254071082_121-15_25_9.jpg,cocoa,healthy,KaraAgroAI Cocoa Dataset,healthy_05.rar,758442840f2cde2374cdd26bdc2f27a6f638e46f100ef69e50a2285c45f4bc92,unassigned
-5805312977254071083_121-15_26_15,data/raw/karaagroai/healthy_05/healthy_01/-5805312977254071083_121-15_26_15.jpg,cocoa,healthy,KaraAgroAI Cocoa Dataset,healthy_05.rar,291406b13e39b21f59ead9faa3796295a9288f85dd3f03ee683777080a3700dd,unassigned
-5805312977254071086_121-15_26_20,data/raw/karaagroai/healthy_05/healthy_01/-5805312977254071086_121-15_26_20.jpg,cocoa,healthy,KaraAgroAI Cocoa Dataset,healthy_05.rar,1938b2c854b020d2f322814bc0212c166472f301addd3d99d756c8fe4923f660,unassigned
-5805312977254071090_121-15_26_24,data/raw/karaagroai/healthy_05/healthy_01/-5805312977254071090_121-15_26_24.jpg,cocoa,healthy,KaraAgroAI Cocoa Dataset,healthy_05.rar,7d68994dac760382281c069fcccf5a2cad4d07b76be875f334a010a6af3ba713,unassigned
-5805312977254071094_121-15_26_29,data/raw/karaagroai/healthy_05/healthy_01/-5805312977254071094_121-15_26_29.jpg,cocoa,healthy,KaraAgroAI Cocoa Dataset,healthy_05.rar,75976ae2f5e06c0f15508dc2df9a90f749602f205c6d45eb26aacde951a4b9fd,unassigned
-5805312977254071097_121-15_26_35,data/raw/karaagroai/healthy_05/healthy_01/-5805312977254071097_121-15_26_35.jpg,cocoa,healthy,KaraAgroAI Cocoa Dataset,healthy_05.rar,bf2f23378899782352b540b5c8c193d0cf66edf7571758679be6480ff41d9ffa,unassigned
-5805312977254071101_121-15_26_45,data/raw/karaagroai/healthy_05/healthy_01/-5805312977254071101_121-15_26_45.jpg,cocoa,healthy,KaraAgroAI Cocoa Dataset,healthy_05.rar,765fc99cd6eb62648dc4b848290ed19ed6c7560a568d83e90049c2af8d9b3347,unassigned
-5805312977254071104_121-15_26_53,data/raw/karaagroai/healthy_05/healthy_01/-5805312977254071104_121-15_26_53.jpg,cocoa,healthy,KaraAgroAI Cocoa Dataset,healthy_05.rar,8204afb9580c09fb835de6e3734c2ccb4638eb47d0290e87eb2e524ff2eb9c6c,unassigned
-5805312977254071105_121-15_27_0,data/raw/karaagroai/healthy_05/healthy_01/-5805312977254071105_121-15_27_0.jpg,cocoa,healthy,KaraAgroAI Cocoa Dataset,healthy_05.rar,9e52e312b4f922bee2212e689fcc0abe6a3f32052ff48ad299b682b8f2fda148,unassigned
-5805312977254071106_121-15_27_6,data/raw/karaagroai/healthy_05/healthy_01/-5805312977254071106_121-15_27_6.jpg,cocoa,healthy,KaraAgroAI Cocoa Dataset,healthy_05.rar,230c9fda328d0d8ecfdc3ecfc8f26dfbc997965117add652e859639bea1a2282,unassigned
-5805312977254071107_121-15_27_14,data/raw/karaagroai/healthy_05/healthy_01/-5805312977254071107_121-15_27_14.jpg,cocoa,healthy,KaraAgroAI Cocoa Dataset,healthy_05.rar,ec0e3045adf85cf9494f650f19aa6eeb4e876f11525c7ad3ef82d9d09429a995,unassigned
-5805312977254071108_121-15_27_48,data/raw/karaagroai/healthy_05/healthy_01/-5805312977254071108_121-15_27_48.jpg,cocoa,healthy,KaraAgroAI Cocoa Dataset,healthy_05.rar,10da80dd5066f0bba88cdd60f9ee6cb9065cfa86085da16939f544c280433f4f,unassigned
-5805312977254071109_121-15_27_54,data/raw/karaagroai/healthy_05/healthy_01/-5805312977254071109_121-15_27_54.jpg,cocoa,healthy,KaraAgroAI Cocoa Dataset,healthy_05.rar,8ad36058579713635a28f1560a3e0cba03d8c98a83277729a8f360872ebed4f3,unassigned
-5805312977254071110_121-15_30_50,data/raw/karaagroai/healthy_05/healthy_01/-5805312977254071110_121-15_30_50.jpg,cocoa,healthy,KaraAgroAI Cocoa Dataset,healthy_05.rar,4047a57742c6fa1239fce3836b68da90e557ca445f5641ccab5dd4faba51f863,unassigned
-5805312977254071111_121-15_30_59,data/raw/karaagroai/healthy_05/healthy_01/-5805312977254071111_121-15_30_59.jpg,cocoa,healthy,KaraAgroAI Cocoa Dataset,healthy_05.rar,6e2052bd660a41ad0757a15781d828ca274cafebcf5120c4654d72b07e95034f,unassigned
-5805312977254071112_121-15_31_3,data/raw/karaagroai/healthy_05/healthy_01/-5805312977254071112_121-15_31_3.jpg,cocoa,healthy,KaraAgroAI Cocoa Dataset,healthy_05.rar,b05c8acec3ec4e152c73338d29352eb248433ef21652e3908e8df2f967af6c74,unassigned
-5805312977254071114_121-15_31_16,data/raw/karaagroai/healthy_05/healthy_01/-5805312977254071114_121-15_31_16.jpg,cocoa,healthy,KaraAgroAI Cocoa Dataset,healthy_05.rar,b93ddbe986802e48ae09515e5a8f4645cc03f51de12252d7177c53c9c556cc26,unassigned
-5805312977254071115_121-15_31_25,data/raw/karaagroai/healthy_05/healthy_01/-5805312977254071115_121-15_31_25.jpg,cocoa,healthy,KaraAgroAI Cocoa Dataset,healthy_05.rar,edb90e225b26b330168d24b4a681868e47cef8f22d64dea67eccf217947d6ac7,unassigned
-5805312977254071118_121-15_32_36,data/raw/karaagroai/healthy_05/healthy_01/-5805312977254071118_121-15_32_36.jpg,cocoa,healthy,KaraAgroAI Cocoa Dataset,healthy_05.rar,048e68104ed5fcf8c1bc5501678e94d2bc20519fb289a21196d14979af9ee618,unassigned
-5805312977254071119_121-15_32_41,data/raw/karaagroai/healthy_05/healthy_01/-5805312977254071119_121-15_32_41.jpg,cocoa,healthy,KaraAgroAI Cocoa Dataset,healthy_05.rar,07d0516d9876e022f42fe96518c476acd072308b6131c73e69661d77009a2844,unassigned
-5805312977254071121_121-15_32_55,data/raw/karaagroai/healthy_05/healthy_01/-5805312977254071121_121-15_32_55.jpg,cocoa,healthy,KaraAgroAI Cocoa Dataset,healthy_05.rar,ffb87c7a579cc65998c243cdd0ff3b74e6df2e6f2d652137a600b9b5cb370db6,unassigned
-5805312977254071122_121-15_33_5,data/raw/karaagroai/healthy_05/healthy_01/-5805312977254071122_121-15_33_5.jpg,cocoa,healthy,KaraAgroAI Cocoa Dataset,healthy_05.rar,c445344daedb95c9337abeb94744dc74f493024987fce4d7f0e87cf2fb59852f,unassigned
-5805312977254071123_121-15_33_14,data/raw/karaagroai/healthy_05/healthy_01/-5805312977254071123_121-15_33_14.jpg,cocoa,healthy,KaraAgroAI Cocoa Dataset,healthy_05.rar,45cd0bc8b97c26e68efd5268e818116e69eda817eeb75e11b1286d1bcd74187b,unassigned
-5805312977254071124_121-15_33_23,data/raw/karaagroai/healthy_05/healthy_01/-5805312977254071124_121-15_33_23.jpg,cocoa,healthy,KaraAgroAI Cocoa Dataset,healthy_05.rar,92be87588bce3b8fc3037032138544958c110ecf95d104f8d172dfaafe712be3,unassigned
-5805312977254071126_121-15_33_36,data/raw/karaagroai/healthy_05/healthy_01/-5805312977254071126_121-15_33_36.jpg,cocoa,healthy,KaraAgroAI Cocoa Dataset,healthy_05.rar,ee7c86f0a1ec6dfb30b85f66126efe17f4e80bd47ebae40c021dcf7d85f3a31a,unassigned
-5805312977254071127_121-15_33_42,data/raw/karaagroai/healthy_05/healthy_01/-5805312977254071127_121-15_33_42.jpg,cocoa,healthy,KaraAgroAI Cocoa Dataset,healthy_05.rar,3f3825202007f0ac338e144b080781d0e9dd59e86d88212773edead019844fa6,unassigned
-5805312977254071129_121-15_34_59,data/raw/karaagroai/healthy_05/healthy_01/-5805312977254071129_121-15_34_59.jpg,cocoa,healthy,KaraAgroAI Cocoa Dataset,healthy_05.rar,935642b1523d85a461deab083073e295b74b52428cf2f763733f971f93a8cd93,unassigned
-5805312977254071130_121-15_35_11,data/raw/karaagroai/healthy_05/healthy_01/-5805312977254071130_121-15_35_11.jpg,cocoa,healthy,KaraAgroAI Cocoa Dataset,healthy_05.rar,6a18a48d87724d26844e25f4883d2c29a8893f8bfc86644ceaf0db7ba81b80ef,unassigned
-5805312977254071131_121-15_35_43,data/raw/karaagroai/healthy_05/healthy_01/-5805312977254071131_121-15_35_43.jpg,cocoa,healthy,KaraAgroAI Cocoa Dataset,healthy_05.rar,5952a115bd57c9324b56d9f4960898c2f086609105862ba4c8efe87a659f7ad0,unassigned
-5805312977254071132_121-15_35_48,data/raw/karaagroai/healthy_05/healthy_01/-5805312977254071132_121-15_35_48.jpg,cocoa,healthy,KaraAgroAI Cocoa Dataset,healthy_05.rar,136f062aa118aed59d7e1b0735753dec12884fda52855d2d2d5aaf269f3de155,unassigned
-5805312977254071133_121-15_35_53,data/raw/karaagroai/healthy_05/healthy_01/-5805312977254071133_121-15_35_53.jpg,cocoa,healthy,KaraAgroAI Cocoa Dataset,healthy_05.rar,292ee16e0099505874bb780bbc9c9a8c55cc726efdfb8fb7c8f709b4fdd398c2,unassigned
-5805312977254071134_121-15_35_59,data/raw/karaagroai/healthy_05/healthy_01/-5805312977254071134_121-15_35_59.jpg,cocoa,healthy,KaraAgroAI Cocoa Dataset,healthy_05.rar,3c4a71c9545a8565c032f200b576d727052a5aaa79e29291edd2024ad74b1795,unassigned
-5805312977254071135_121-15_36_5,data/raw/karaagroai/healthy_05/healthy_01/-5805312977254071135_121-15_36_5.jpg,cocoa,healthy,KaraAgroAI Cocoa Dataset,healthy_05.rar,89695d9b92d1e2b81b8c574af0703813315df74fab2047165f62712a7cee7071,unassigned
-5805312977254071136_121-15_36_11,data/raw/karaagroai/healthy_05/healthy_01/-5805312977254071136_121-15_36_11.jpg,cocoa,healthy,KaraAgroAI Cocoa Dataset,healthy_05.rar,845b6ca151635f36fdf4114aa494af06fd6a09e4a3508a4961e76abd638cf3e5,unassigned
-5805312977254071144_121-15_37_48,data/raw/karaagroai/healthy_05/healthy_01/-5805312977254071144_121-15_37_48.jpg,cocoa,healthy,KaraAgroAI Cocoa Dataset,healthy_05.rar,87cd8a60b0d9404660bcdabe97149c75392fac85ea70775795d70cd6acf086e3,unassigned
-5805312977254071145_121-15_37_54,data/raw/karaagroai/healthy_05/healthy_01/-5805312977254071145_121-15_37_54.jpg,cocoa,healthy,KaraAgroAI Cocoa Dataset,healthy_05.rar,69003d9907053626e38a96420e9acb08507ff48eddec43584ce1a5fac7e8bea3,unassigned
-5805312977254071146_121-15_38_0,data/raw/karaagroai/healthy_05/healthy_01/-5805312977254071146_121-15_38_0.jpg,cocoa,healthy,KaraAgroAI Cocoa Dataset,healthy_05.rar,7392ead6547898c9977bca30b785905286881d171e53b305a209d0a505aeb85b,unassigned
-5805312977254071147_121-15_38_5,data/raw/karaagroai/healthy_05/healthy_01/-5805312977254071147_121-15_38_5.jpg,cocoa,healthy,KaraAgroAI Cocoa Dataset,healthy_05.rar,5af70c5c8ad172b7577cee06e70e217f40afeb554d7be4d9285a8d1ea7d5ff66,unassigned
-5805312977254071148_121-15_39_43,data/raw/karaagroai/healthy_05/healthy_01/-5805312977254071148_121-15_39_43.jpg,cocoa,healthy,KaraAgroAI Cocoa Dataset,healthy_05.rar,f28c5066b418f8ed46dabbd687b9e04dbdaddd479bdcf4d48249ad5951ddcacc,unassigned
-5805312977254071149_121-15_39_47,data/raw/karaagroai/healthy_05/healthy_01/-5805312977254071149_121-15_39_47.jpg,cocoa,healthy,KaraAgroAI Cocoa Dataset,healthy_05.rar,b9b6d853eb9c206a54fe0cf998a623225425168b70fd6b52578db1ecc0556326,unassigned
-5805312977254071150_121-15_39_51,data/raw/karaagroai/healthy_05/healthy_01/-5805312977254071150_121-15_39_51.jpg,cocoa,healthy,KaraAgroAI Cocoa Dataset,healthy_05.rar,cbfab1c28948a6453e1790bd24a03186d507d751bb1341976ae8502b50ce5390,unassigned
-5805312977254071151_121-15_39_56,data/raw/karaagroai/healthy_05/healthy_01/-5805312977254071151_121-15_39_56.jpg,cocoa,healthy,KaraAgroAI Cocoa Dataset,healthy_05.rar,e49a9b8e4f66e42b529ae69cb6707ac792bb8d60631af50f84aa0773f403bec9,unassigned
-5805312977254071152_121-15_40_0,data/raw/karaagroai/healthy_05/healthy_01/-5805312977254071152_121-15_40_0.jpg,cocoa,healthy,KaraAgroAI Cocoa Dataset,healthy_05.rar,940ca7c0323860471e4a66e9b84ab32fc3c1fa8489c717354a16f8ca6cdceca8,unassigned
-5805312977254071153_121-15_40_4,data/raw/karaagroai/healthy_05/healthy_01/-5805312977254071153_121-15_40_4.jpg,cocoa,healthy,KaraAgroAI Cocoa Dataset,healthy_05.rar,ba245037886b2f96a3ae3981b90f2ffe1c98bfe1ad6f908eb6d864428cdcf5e8,unassigned
-5805312977254071154_121-15_41_28,data/raw/karaagroai/healthy_05/healthy_01/-5805312977254071154_121-15_41_28.jpg,cocoa,healthy,KaraAgroAI Cocoa Dataset,healthy_05.rar,885932496f21ea69707aa6a50e03319ba57b4fa4e5e7e177ce1d7ce5dc0507b7,unassigned
-5805312977254071155_121-15_40_49,data/raw/karaagroai/healthy_05/healthy_01/-5805312977254071155_121-15_40_49.jpg,cocoa,healthy,KaraAgroAI Cocoa Dataset,healthy_05.rar,971965fc282ab771c690dc650d7b7fcbec5aea6a14ecd7682b331a2976382513,unassigned
-5805312977254071156_121-15_40_54,data/raw/karaagroai/healthy_05/healthy_01/-5805312977254071156_121-15_40_54.jpg,cocoa,healthy,KaraAgroAI Cocoa Dataset,healthy_05.rar,1ff200e6dfc11f7410820c649edecdf3f737f5de3c6fa40bbac454e4768e387a,unassigned
-5805312977254071157_121-15_41_34,data/raw/karaagroai/healthy_05/healthy_01/-5805312977254071157_121-15_41_34.jpg,cocoa,healthy,KaraAgroAI Cocoa Dataset,healthy_05.rar,8781906e5f653bbbe795d935261d7da687d082dd35811852715b7be0e2a4b8a5,unassigned
-5805312977254071158_121-15_44_5,data/raw/karaagroai/healthy_05/healthy_01/-5805312977254071158_121-15_44_5.jpg,cocoa,healthy,KaraAgroAI Cocoa Dataset,healthy_05.rar,16e302ed79fbb9d3184f46e2654abe776ad19dfe18e2312f2fc21d81b091655a,unassigned
-5805312977254071159_121-15_44_9,data/raw/karaagroai/healthy_05/healthy_01/-5805312977254071159_121-15_44_9.jpg,cocoa,healthy,KaraAgroAI Cocoa Dataset,healthy_05.rar,1afde0e52065ffa8f8b70224f525fd2ece9624ca1e7d86e59b52e04e8151c8ad,unassigned
-5805312977254071160_121-15_44_13,data/raw/karaagroai/healthy_05/healthy_01/-5805312977254071160_121-15_44_13.jpg,cocoa,healthy,KaraAgroAI Cocoa Dataset,healthy_05.rar,69eaf05afcf8af27ef218fe58480bb91f580360e4d1943ca3106195b74175adf,unassigned
-5805312977254071161_121-15_44_17,data/raw/karaagroai/healthy_05/healthy_01/-5805312977254071161_121-15_44_17.jpg,cocoa,healthy,KaraAgroAI Cocoa Dataset,healthy_05.rar,a67e08ad049077924eec7f987aaa47a3d7a1a8c720c12a6e73d10ecdad6aae98,unassigned
-5805312977254071162_121-15_44_22,data/raw/karaagroai/healthy_05/healthy_01/-5805312977254071162_121-15_44_22.jpg,cocoa,healthy,KaraAgroAI Cocoa Dataset,healthy_05.rar,533dc8dee0d9cfde10760cf9e9f866a850a0848177ad8e25b3f12ca7130a8d95,unassigned
-5805312977254071163_121-15_44_26,data/raw/karaagroai/healthy_05/healthy_01/-5805312977254071163_121-15_44_26.jpg,cocoa,healthy,KaraAgroAI Cocoa Dataset,healthy_05.rar,627dec617bb2eaa77daae0be7553ac4f25e685657395f35b476b460dd11ccf90,unassigned
-5805312977254071164_121-15_44_31,data/raw/karaagroai/healthy_05/healthy_01/-5805312977254071164_121-15_44_31.jpg,cocoa,healthy,KaraAgroAI Cocoa Dataset,healthy_05.rar,80092239a0a7a97fa0c9797f68afbc2d23f8d16be6c1a11da8b4b8c7cd24c2bc,unassigned
-5805312977254071165_121-15_44_35,data/raw/karaagroai/healthy_05/healthy_01/-5805312977254071165_121-15_44_35.jpg,cocoa,healthy,KaraAgroAI Cocoa Dataset,healthy_05.rar,7bdabfa905ad8426e3f34701681d33106febb251be6eef4ea4ce569eb7616a80,unassigned
-5805312977254071166_121-15_44_40,data/raw/karaagroai/healthy_05/healthy_01/-5805312977254071166_121-15_44_40.jpg,cocoa,healthy,KaraAgroAI Cocoa Dataset,healthy_05.rar,c786f9c60a93563d83ea527852f06b4592c46ad6424ffd7e7ffb94c63666af48,unassigned
-5805312977254071168_121-15_45_44,data/raw/karaagroai/healthy_05/healthy_01/-5805312977254071168_121-15_45_44.jpg,cocoa,healthy,KaraAgroAI Cocoa Dataset,healthy_05.rar,8f76a6d270bbc1648f02e7ffd42571f0c8310d7eaa968b8775b96de8d4970a5c,unassigned
-5805312977254071169_121-15_45_50,data/raw/karaagroai/healthy_05/healthy_01/-5805312977254071169_121-15_45_50.jpg,cocoa,healthy,KaraAgroAI Cocoa Dataset,healthy_05.rar,3de64a7721f11b264760b5c083132b171429cdb0a7c336fb68579a9399c61bb1,unassigned
-5805312977254071170_121-15_45_55,data/raw/karaagroai/healthy_05/healthy_01/-5805312977254071170_121-15_45_55.jpg,cocoa,healthy,KaraAgroAI Cocoa Dataset,healthy_05.rar,fc33e3e56b2c313359697d3f513a0e22571dd58088c4dbf7c50955eaa7be15db,unassigned
-5805312977254071171_121-15_46_2,data/raw/karaagroai/healthy_05/healthy_01/-5805312977254071171_121-15_46_2.jpg,cocoa,healthy,KaraAgroAI Cocoa Dataset,healthy_05.rar,b2700fb51442ccfd40a43566dabad8e052b0f513128c9c0951b6d028f32a2b1f,unassigned
-5805312977254071172_121-15_46_52,data/raw/karaagroai/healthy_05/healthy_01/-5805312977254071172_121-15_46_52.jpg,cocoa,healthy,KaraAgroAI Cocoa Dataset,healthy_05.rar,140ba2be9c7df5579d1bde04dd08ce8448084a27363cbf977e7f7c9163bbf642,unassigned
-5805312977254071173_121-15_46_59,data/raw/karaagroai/healthy_05/healthy_01/-5805312977254071173_121-15_46_59.jpg,cocoa,healthy,KaraAgroAI Cocoa Dataset,healthy_05.rar,97da23d0c26d5c0b3d35e7a2150c4fdc896566b2b497286e15e22ada65ed1eb1,unassigned
-5805312977254071174_121-15_47_10,data/raw/karaagroai/healthy_05/healthy_01/-5805312977254071174_121-15_47_10.jpg,cocoa,healthy,KaraAgroAI Cocoa Dataset,healthy_05.rar,be45e7ef3c8e98800ca8d3300b3ce34cd0158698669682fa5704814621bf191e,unassigned
-5805312977254071175_121-15_47_19,data/raw/karaagroai/healthy_05/healthy_01/-5805312977254071175_121-15_47_19.jpg,cocoa,healthy,KaraAgroAI Cocoa Dataset,healthy_05.rar,5ee8ed4458d7e04304441bfc843fb516ba6091d292b067ee37a9995562f09fdc,unassigned
-5805312977254071181_121-15_48_36,data/raw/karaagroai/healthy_05/healthy_01/-5805312977254071181_121-15_48_36.jpg,cocoa,healthy,KaraAgroAI Cocoa Dataset,healthy_05.rar,55f23926f9661c54fb8a57c993652030f36ad211e272c628750104e17c12d262,unassigned
-5805312977254071182_121-15_48_41,data/raw/karaagroai/healthy_05/healthy_01/-5805312977254071182_121-15_48_41.jpg,cocoa,healthy,KaraAgroAI Cocoa Dataset,healthy_05.rar,a8adea74f4ab35fdcc27b4c577be8391ac7a1f058f0fd1f2c4ecb5274f09b9b6,unassigned
-5805312977254071183_121-15_48_53,data/raw/karaagroai/healthy_05/healthy_01/-5805312977254071183_121-15_48_53.jpg,cocoa,healthy,KaraAgroAI Cocoa Dataset,healthy_05.rar,5cdf95509902785fe57c3d00ce517e560da18a04d394ea02978a21a84a680c7a,unassigned
-5805312977254071184_121-15_49_4,data/raw/karaagroai/healthy_05/healthy_01/-5805312977254071184_121-15_49_4.jpg,cocoa,healthy,KaraAgroAI Cocoa Dataset,healthy_05.rar,810808f1b220923ef1a32541051fcee61e027078e37ec0a1b17ec08bcb6f790d,unassigned
-5805312977254071185_121-15_49_11,data/raw/karaagroai/healthy_05/healthy_01/-5805312977254071185_121-15_49_11.jpg,cocoa,healthy,KaraAgroAI Cocoa Dataset,healthy_05.rar,da35f615895a8a69c692bb3e8da69d277667dfb010cdacdc6b3f1a2f8734f94e,unassigned
-5805312977254071186_121-15_49_20,data/raw/karaagroai/healthy_05/healthy_01/-5805312977254071186_121-15_49_20.jpg,cocoa,healthy,KaraAgroAI Cocoa Dataset,healthy_05.rar,7456cc5461d3f868928ec058fb8014bd394540c4983fcfe1ac521c51a644f6f4,unassigned
-5805312977254071187_121-15_49_35,data/raw/karaagroai/healthy_05/healthy_01/-5805312977254071187_121-15_49_35.jpg,cocoa,healthy,KaraAgroAI Cocoa Dataset,healthy_05.rar,0af73d5e89d16f77f168444ce69473b14fc4b058f90455d0082acda0b28773f5,unassigned
-5805312977254071188_121-15_50_12,data/raw/karaagroai/healthy_05/healthy_01/-5805312977254071188_121-15_50_12.jpg,cocoa,healthy,KaraAgroAI Cocoa Dataset,healthy_05.rar,7a09c7ba54e943cf0706c4aad8947bc67476147a5b19f1909bd0c87e57491689,unassigned
-5805312977254071189_121-15_50_16,data/raw/karaagroai/healthy_05/healthy_01/-5805312977254071189_121-15_50_16.jpg,cocoa,healthy,KaraAgroAI Cocoa Dataset,healthy_05.rar,5f97de846664bf2da7aa083a87d84c487d2d85fdf1f8bdf3ad03566083ece007,unassigned
-5805312977254071190_121-15_50_22,data/raw/karaagroai/healthy_05/healthy_01/-5805312977254071190_121-15_50_22.jpg,cocoa,healthy,KaraAgroAI Cocoa Dataset,healthy_05.rar,2fdbe2b973dbb6255deaf766f01523599395025c8873936bb6ba20cf18534963,unassigned
-5805312977254071191_121-15_50_26,data/raw/karaagroai/healthy_05/healthy_01/-5805312977254071191_121-15_50_26.jpg,cocoa,healthy,KaraAgroAI Cocoa Dataset,healthy_05.rar,1a4a5bf2df90591578caf3564d78a0dc265f7ac19b054947e068dc7b73541de2,unassigned
-5805312977254071192_121-15_50_31,data/raw/karaagroai/healthy_05/healthy_01/-5805312977254071192_121-15_50_31.jpg,cocoa,healthy,KaraAgroAI Cocoa Dataset,healthy_05.rar,3ab9f4c55628646c4027a5dc444758c218551bba503f7fd823f38ba6c0d60119,unassigned
-5805312977254071193_121-15_50_42,data/raw/karaagroai/healthy_05/healthy_01/-5805312977254071193_121-15_50_42.jpg,cocoa,healthy,KaraAgroAI Cocoa Dataset,healthy_05.rar,bd19b3a4bc95c45b0d7bdfed63275452f2ced3a0a4a66aa23fb4c12fe07f170a,unassigned
-5805312977254071194_121-15_50_53,data/raw/karaagroai/healthy_05/healthy_01/-5805312977254071194_121-15_50_53.jpg,cocoa,healthy,KaraAgroAI Cocoa Dataset,healthy_05.rar,02f76b102029fc2ac9960ff2b2fea8e4b7842c9c3308ea6ceb63f7c43fa06e7f,unassigned
-5805312977254071195_121-15_51_0,data/raw/karaagroai/healthy_05/healthy_01/-5805312977254071195_121-15_51_0.jpg,cocoa,healthy,KaraAgroAI Cocoa Dataset,healthy_05.rar,875f24e315b18bff56aa6970ce0f7860ece1017184905da0cd15566761e5766b,unassigned
-5805312977254071196_121-15_51_7,data/raw/karaagroai/healthy_05/healthy_01/-5805312977254071196_121-15_51_7.jpg,cocoa,healthy,KaraAgroAI Cocoa Dataset,healthy_05.rar,3ae05016fd2a83eeb3f3bc35bb4f1760786d2ce152eb4c7c22a88b4ba01b05cc,unassigned
-5805312977254071197_121-15_51_14,data/raw/karaagroai/healthy_05/healthy_01/-5805312977254071197_121-15_51_14.jpg,cocoa,healthy,KaraAgroAI Cocoa Dataset,healthy_05.rar,003acc015adbaebb5d49187f69cdb32fb4e4cd59615de8b9a6342c3378be9a5e,unassigned
-5805312977254071198_121-15_54_15,data/raw/karaagroai/healthy_05/healthy_01/-5805312977254071198_121-15_54_15.jpg,cocoa,healthy,KaraAgroAI Cocoa Dataset,healthy_05.rar,bcd7266bc730eb8bc2e663fef79f3246ae5d26ee49f257d55018bbb9b41df5f1,unassigned
-5805312977254071199_121-15_54_22,data/raw/karaagroai/healthy_05/healthy_01/-5805312977254071199_121-15_54_22.jpg,cocoa,healthy,KaraAgroAI Cocoa Dataset,healthy_05.rar,3e300430ef94e3cc43b8aa66e72e7e75411073c0e8d1a5f8d7405f82c94d00d5,unassigned
-5805312977254071200_121-15_54_26,data/raw/karaagroai/healthy_05/healthy_01/-5805312977254071200_121-15_54_26.jpg,cocoa,healthy,KaraAgroAI Cocoa Dataset,healthy_05.rar,33af8dcbff361b07c4cab4360e0e4554af8f6f9f191d251c8c6dfd2009cebd05,unassigned
-5805312977254071201_121-15_54_31,data/raw/karaagroai/healthy_05/healthy_01/-5805312977254071201_121-15_54_31.jpg,cocoa,healthy,KaraAgroAI Cocoa Dataset,healthy_05.rar,516080e569146f730ddf3598249063f2b16aa29f6f8b505aa9e9b2b694f6f683,unassigned
-5805312977254071202_121-15_54_35,data/raw/karaagroai/healthy_05/healthy_01/-5805312977254071202_121-15_54_35.jpg,cocoa,healthy,KaraAgroAI Cocoa Dataset,healthy_05.rar,f0823c50d5eac99a9193beb612270d545ced166b625d232a23882a833418f340,unassigned
-5805312977254071203_121-15_54_49,data/raw/karaagroai/healthy_05/healthy_01/-5805312977254071203_121-15_54_49.jpg,cocoa,healthy,KaraAgroAI Cocoa Dataset,healthy_05.rar,4148aa543b99c76cb9144bb05468922f15edfedb6cd865d0c21068e9fce49bed,unassigned
-5805312977254071204_121-15_54_59,data/raw/karaagroai/healthy_05/healthy_01/-5805312977254071204_121-15_54_59.jpg,cocoa,healthy,KaraAgroAI Cocoa Dataset,healthy_05.rar,20db483ab318946f37aa44d9aef9a87f5134d325ca487d48f68bda88137d4391,unassigned
-5805312977254071205_121-15_55_6,data/raw/karaagroai/healthy_05/healthy_01/-5805312977254071205_121-15_55_6.jpg,cocoa,healthy,KaraAgroAI Cocoa Dataset,healthy_05.rar,eb00512646f3a00503abb7e607abd614b212ff4120cb2414e0c2f5f331509e01,unassigned
-5805312977254071206_121-15_55_14,data/raw/karaagroai/healthy_05/healthy_01/-5805312977254071206_121-15_55_14.jpg,cocoa,healthy,KaraAgroAI Cocoa Dataset,healthy_05.rar,8a8c26440f910eecdf3928dd8a494f5440013d36c2281c40f8276e316623e98b,unassigned
-5805312977254071207_121-15_55_21,data/raw/karaagroai/healthy_05/healthy_01/-5805312977254071207_121-15_55_21.jpg,cocoa,healthy,KaraAgroAI Cocoa Dataset,healthy_05.rar,91abd3913b317fd2983738c214451713aa4a9eaddb23d43b92a005814598a024,unassigned
-5805312977254071208_121-15_55_59,data/raw/karaagroai/healthy_05/healthy_01/-5805312977254071208_121-15_55_59.jpg,cocoa,healthy,KaraAgroAI Cocoa Dataset,healthy_05.rar,133ab760e48266bca806059a8a4bfc66ad34ec74f08084ffae8324601fbea912,unassigned
-5805312977254071209_121-15_56_6,data/raw/karaagroai/healthy_05/healthy_01/-5805312977254071209_121-15_56_6.jpg,cocoa,healthy,KaraAgroAI Cocoa Dataset,healthy_05.rar,73f46ce8d07138fc8774fdb58f23a23232b45e19fa2332ffdb7d9e520da36841,unassigned
-5805312977254071210_121-15_56_12,data/raw/karaagroai/healthy_05/healthy_01/-5805312977254071210_121-15_56_12.jpg,cocoa,healthy,KaraAgroAI Cocoa Dataset,healthy_05.rar,ab21c00fac6c117876ee1ec3792e07a2d265d8053b91de0b13cc982c90ab4a3b,unassigned
-5805312977254071211_121-15_56_18,data/raw/karaagroai/healthy_05/healthy_01/-5805312977254071211_121-15_56_18.jpg,cocoa,healthy,KaraAgroAI Cocoa Dataset,healthy_05.rar,241063386ee723e91080c3eee19ecf90f1d86b189d3fadef272970cb2163e4fd,unassigned
-5805312977254071213_121-15_56_30,data/raw/karaagroai/healthy_05/healthy_01/-5805312977254071213_121-15_56_30.jpg,cocoa,healthy,KaraAgroAI Cocoa Dataset,healthy_05.rar,c6217c1ba83d5a7425b361a4efe41abdba36b386dfc897b3dda5681bbae6541d,unassigned
-5805312977254071214_121-15_56_43,data/raw/karaagroai/healthy_05/healthy_01/-5805312977254071214_121-15_56_43.jpg,cocoa,healthy,KaraAgroAI Cocoa Dataset,healthy_05.rar,66f9cfab4e153ad4cda894cef53aece67158fd1f3342760deca42a032a9fa54e,unassigned
-5805312977254071215_121-15_56_57,data/raw/karaagroai/healthy_05/healthy_01/-5805312977254071215_121-15_56_57.jpg,cocoa,healthy,KaraAgroAI Cocoa Dataset,healthy_05.rar,d0eca9c3c928313ae65e15b0cb478b71d8c9d8fcef87dfbdb3a83a18490a81ca,unassigned
-5805312977254071216_121-15_57_4,data/raw/karaagroai/healthy_05/healthy_01/-5805312977254071216_121-15_57_4.jpg,cocoa,healthy,KaraAgroAI Cocoa Dataset,healthy_05.rar,07a35a54c7d735a3263986ef3f9cf988e468f236248b86cbf05b714cb25f79ac,unassigned
-5805312977254071217_121-15_57_9,data/raw/karaagroai/healthy_05/healthy_01/-5805312977254071217_121-15_57_9.jpg,cocoa,healthy,KaraAgroAI Cocoa Dataset,healthy_05.rar,f78ecf934c14e83673d6b75582d4e9250e79354f8a9a151a6d5a5c8ff658101f,unassigned
-5805312977254071218_121-15_57_45,data/raw/karaagroai/healthy_05/healthy_01/-5805312977254071218_121-15_57_45.jpg,cocoa,healthy,KaraAgroAI Cocoa Dataset,healthy_05.rar,2812c3c1d6d5ad27d14d88e6560353d7ab32df6808bca519ac208bc84ae38b89,unassigned
-5805312977254071219_121-15_57_51,data/raw/karaagroai/healthy_05/healthy_01/-5805312977254071219_121-15_57_51.jpg,cocoa,healthy,KaraAgroAI Cocoa Dataset,healthy_05.rar,6d5d5076979ab0391acfa110b5f8bf0610ed3c65983b0ffb632301c370e031a6,unassigned
-5805312977254071220_121-15_57_57,data/raw/karaagroai/healthy_05/healthy_01/-5805312977254071220_121-15_57_57.jpg,cocoa,healthy,KaraAgroAI Cocoa Dataset,healthy_05.rar,6d0f68fe69c1076c034e15035862443c774613b7e591cf69892c9957ceec2c4a,unassigned
-5805312977254071221_121-15_58_12,data/raw/karaagroai/healthy_05/healthy_01/-5805312977254071221_121-15_58_12.jpg,cocoa,healthy,KaraAgroAI Cocoa Dataset,healthy_05.rar,deb39cbc48cd82150ea2f1473c36731aa075be4b7393e93cdc9f7b66572f9d57,unassigned
-5805312977254071222_121-15_58_20,data/raw/karaagroai/healthy_05/healthy_01/-5805312977254071222_121-15_58_20.jpg,cocoa,healthy,KaraAgroAI Cocoa Dataset,healthy_05.rar,92392aa6c784b8917945987092cbae4f6cbd08872c36a775793cd9fced1367a5,unassigned
-5805312977254071223_121-15_58_26,data/raw/karaagroai/healthy_05/healthy_01/-5805312977254071223_121-15_58_26.jpg,cocoa,healthy,KaraAgroAI Cocoa Dataset,healthy_05.rar,6ce6830d34ae7c9bc6347c2c67918dc2c85227e2618ccef19d7d3eae7b1eeae3,unassigned
-5805312977254071224_121-15_58_34,data/raw/karaagroai/healthy_05/healthy_01/-5805312977254071224_121-15_58_34.jpg,cocoa,healthy,KaraAgroAI Cocoa Dataset,healthy_05.rar,7218183601a5faac322817ef127c639a098aaa2a8e1a9c2d69ceb690dee1bdaf,unassigned
-5805312977254071225_121-15_58_41,data/raw/karaagroai/healthy_05/healthy_01/-5805312977254071225_121-15_58_41.jpg,cocoa,healthy,KaraAgroAI Cocoa Dataset,healthy_05.rar,be4b014f3670cb1dc5ff9105dc251efb350f4ba011cf42b826edd8bd6c6e309f,unassigned
-5805312977254071227_121-15_58_48,data/raw/karaagroai/healthy_05/healthy_01/-5805312977254071227_121-15_58_48.jpg,cocoa,healthy,KaraAgroAI Cocoa Dataset,healthy_05.rar,460a3032c1df90650604ad69958d8f18548225cb39e6f33b6c4505704fb19530,unassigned
-5805312977254071228_121-15_58_59,data/raw/karaagroai/healthy_05/healthy_01/-5805312977254071228_121-15_58_59.jpg,cocoa,healthy,KaraAgroAI Cocoa Dataset,healthy_05.rar,a1c99826dc533dd0fe005b5c7e9884f08c32c05003aef802e7631b4dade53927,unassigned
-5805312977254071231_121-15_59_51,data/raw/karaagroai/healthy_05/healthy_01/-5805312977254071231_121-15_59_51.jpg,cocoa,healthy,KaraAgroAI Cocoa Dataset,healthy_05.rar,7091bf3ea0579b134349bfe322f066589df9714ee326bf1394aea72d251d01ca,unassigned
-5805312977254071232_121-15_59_55,data/raw/karaagroai/healthy_05/healthy_01/-5805312977254071232_121-15_59_55.jpg,cocoa,healthy,KaraAgroAI Cocoa Dataset,healthy_05.rar,1fadb4abd536229ed26406cd543afd74d490537ca82a49b181679c8a256fe343,unassigned
-5805312977254071233_121-16_0_2,data/raw/karaagroai/healthy_05/healthy_01/-5805312977254071233_121-16_0_2.jpg,cocoa,healthy,KaraAgroAI Cocoa Dataset,healthy_05.rar,f8c4c0286f88f878aeefbca3d11488cff045b0c77f8c994cfc23cbcedea23e55,unassigned
-5805312977254071234_121-16_0_10,data/raw/karaagroai/healthy_05/healthy_01/-5805312977254071234_121-16_0_10.jpg,cocoa,healthy,KaraAgroAI Cocoa Dataset,healthy_05.rar,cb5e2808b0c34ce63733e88cf405b9312aaf33df826732796b3aa5e43700ca95,unassigned
-5805312977254071235_121-16_0_24,data/raw/karaagroai/healthy_05/healthy_01/-5805312977254071235_121-16_0_24.jpg,cocoa,healthy,KaraAgroAI Cocoa Dataset,healthy_05.rar,31904292e573a4df3931c15c89d6b3917176f81781656dd7d5810d16b357b15c,unassigned
-5805312977254071236_121-16_0_31,data/raw/karaagroai/healthy_05/healthy_01/-5805312977254071236_121-16_0_31.jpg,cocoa,healthy,KaraAgroAI Cocoa Dataset,healthy_05.rar,8e13542d3f9b772afea194494f35917b2a5b7c03e8e867df6ef92615402a4cb7,unassigned
-5805312977254071237_121-16_0_37,data/raw/karaagroai/healthy_05/healthy_01/-5805312977254071237_121-16_0_37.jpg,cocoa,healthy,KaraAgroAI Cocoa Dataset,healthy_05.rar,47636ea4baf11703c34626d55098472e1471bb6b62a699ead326ed51d834d3ed,unassigned
-5805312977254071238_121-16_0_48,data/raw/karaagroai/healthy_05/healthy_01/-5805312977254071238_121-16_0_48.jpg,cocoa,healthy,KaraAgroAI Cocoa Dataset,healthy_05.rar,c5f1717c81cedb70ce7af43d8e532ad0e338b5181cacae08266e60bb2e39f6c6,unassigned
-5805312977254071239_121-16_1_19,data/raw/karaagroai/healthy_05/healthy_01/-5805312977254071239_121-16_1_19.jpg,cocoa,healthy,KaraAgroAI Cocoa Dataset,healthy_05.rar,fba5cf099b5d9d3b8ae1eaf061e25e0e76eafe740613ffadc855ce49dc9f1670,unassigned
-5805312977254071240_121-16_1_26,data/raw/karaagroai/healthy_05/healthy_01/-5805312977254071240_121-16_1_26.jpg,cocoa,healthy,KaraAgroAI Cocoa Dataset,healthy_05.rar,eb339b1ceeab36b3026859e7a9a176332e90a4862ce7a19cf77ec803b949a2f1,unassigned
-5805312977254071241_121-16_1_31,data/raw/karaagroai/healthy_05/healthy_01/-5805312977254071241_121-16_1_31.jpg,cocoa,healthy,KaraAgroAI Cocoa Dataset,healthy_05.rar,455c20a6bd12d555984139c8c00b4ab9a78373424c420cf58e8e0836ec078ccd,unassigned
-5805312977254071242_121-16_5_2,data/raw/karaagroai/healthy_05/healthy_01/-5805312977254071242_121-16_5_2.jpg,cocoa,healthy,KaraAgroAI Cocoa Dataset,healthy_05.rar,d0de73ac127c5de3364a86b5e131443cfed2837401b850061f7c67f34a33bc60,unassigned
-5805312977254071243_121-16_5_6,data/raw/karaagroai/healthy_05/healthy_01/-5805312977254071243_121-16_5_6.jpg,cocoa,healthy,KaraAgroAI Cocoa Dataset,healthy_05.rar,6d1a51fae5debbb4708362d4dc310713aba32e2a829d649ac6c3f22feb8183f0,unassigned
-5805312977254071244_121-16_5_11,data/raw/karaagroai/healthy_05/healthy_01/-5805312977254071244_121-16_5_11.jpg,cocoa,healthy,KaraAgroAI Cocoa Dataset,healthy_05.rar,4357097c46d3b3e92958560dd0f7b233259a8c901445e47ece408b00ecc9d017,unassigned
-5805312977254071245_121-16_5_39,data/raw/karaagroai/healthy_05/healthy_01/-5805312977254071245_121-16_5_39.jpg,cocoa,healthy,KaraAgroAI Cocoa Dataset,healthy_05.rar,49d80e422a7a481ca67c01fdf61c33dc9e3e595b4e3c0b830e75b3c4399b8f6d,unassigned
-5805312977254071246_121-16_5_44,data/raw/karaagroai/healthy_05/healthy_01/-5805312977254071246_121-16_5_44.jpg,cocoa,healthy,KaraAgroAI Cocoa Dataset,healthy_05.rar,2a0c57bcfc666a40ac5127db8b0bb457eea9865bcfd94408ba9a3f09c0ccf857,unassigned
-5805312977254071247_121-16_5_49,data/raw/karaagroai/healthy_05/healthy_01/-5805312977254071247_121-16_5_49.jpg,cocoa,healthy,KaraAgroAI Cocoa Dataset,healthy_05.rar,a16a1dde37db25230ef96b07aa2dd022a0c4e90545301cf311ec164f08b19c52,unassigned
-5805312977254071248_121-16_5_54,data/raw/karaagroai/healthy_05/healthy_01/-5805312977254071248_121-16_5_54.jpg,cocoa,healthy,KaraAgroAI Cocoa Dataset,healthy_05.rar,2f743cf7bcef12d8ad20673db1f272f5a4dad6320b5d56f6e8fc80e088e55eb7,unassigned
-5805312977254071249_121-16_8_23,data/raw/karaagroai/healthy_05/healthy_01/-5805312977254071249_121-16_8_23.jpg,cocoa,healthy,KaraAgroAI Cocoa Dataset,healthy_05.rar,5b8f7f8b864189ad420ff222a2fb2d1613819e1cf0c30cfc997ac7da3a54dd9e,unassigned
-5805312977254071250_121-16_8_39,data/raw/karaagroai/healthy_05/healthy_01/-5805312977254071250_121-16_8_39.jpg,cocoa,healthy,KaraAgroAI Cocoa Dataset,healthy_05.rar,a27658f9e7b702e5ad74fcf51027c719de87ec0f4993abc7c107ee3f474b3309,unassigned
-5805312977254071251_121-16_8_43,data/raw/karaagroai/healthy_05/healthy_01/-5805312977254071251_121-16_8_43.jpg,cocoa,healthy,KaraAgroAI Cocoa Dataset,healthy_05.rar,40cbe7b5840276f197f700fd516c242f780e9e7c9dee3d63b7c76fafebc57af1,unassigned
-5805312977254071252_121-16_8_47,data/raw/karaagroai/healthy_05/healthy_01/-5805312977254071252_121-16_8_47.jpg,cocoa,healthy,KaraAgroAI Cocoa Dataset,healthy_05.rar,c9179fda17bdfdd67d3a7580dfe0d8d474abd9a83f034fa137077d7a7226a778,unassigned
-5805312977254071253_121-16_13_1,data/raw/karaagroai/healthy_05/healthy_01/-5805312977254071253_121-16_13_1.jpg,cocoa,healthy,KaraAgroAI Cocoa Dataset,healthy_05.rar,6ce7506c182326e8b0ee1e57ccc4e1762b07efdea4fa73a7d9a22f2685cf71e5,unassigned
-5805312977254071254_121-16_13_6,data/raw/karaagroai/healthy_05/healthy_01/-5805312977254071254_121-16_13_6.jpg,cocoa,healthy,KaraAgroAI Cocoa Dataset,healthy_05.rar,faad6fc0c797660208335c629f06080ebf607893ef970603dce22145061a2cba,unassigned
-5805312977254071255_121-16_13_11,data/raw/karaagroai/healthy_05/healthy_01/-5805312977254071255_121-16_13_11.jpg,cocoa,healthy,KaraAgroAI Cocoa Dataset,healthy_05.rar,bd502dc4ee9e514f1aaff252113fd44e8c9cab88aa763d8aeb29cd813fed5fd1,unassigned
-5805312977254071256_121-16_13_15,data/raw/karaagroai/healthy_05/healthy_01/-5805312977254071256_121-16_13_15.jpg,cocoa,healthy,KaraAgroAI Cocoa Dataset,healthy_05.rar,8ddf1bd3bf933602be541bf73a15de424f9744c8cf035cad6ce2d65400f92d06,unassigned
-5805312977254071257_121-16_13_22,data/raw/karaagroai/healthy_05/healthy_01/-5805312977254071257_121-16_13_22.jpg,cocoa,healthy,KaraAgroAI Cocoa Dataset,healthy_05.rar,cd87aab2227fad2c321d71140e74f57d14511f068881f3ad99488c8327609f9e,unassigned
-5805312977254071258_121-16_13_34,data/raw/karaagroai/healthy_05/healthy_01/-5805312977254071258_121-16_13_34.jpg,cocoa,healthy,KaraAgroAI Cocoa Dataset,healthy_05.rar,8288f69bb0b5b151a640694e3410aadac1fc1f23904a47d9110d043203e807b9,unassigned
-5805312977254071259_121-16_14_34,data/raw/karaagroai/healthy_05/healthy_01/-5805312977254071259_121-16_14_34.jpg,cocoa,healthy,KaraAgroAI Cocoa Dataset,healthy_05.rar,9c1348e399d8a2e602b3ff341cb3d91abdf7cb033269f5fd49fc25aecf2b6c6f,unassigned
-5805312977254071260_121-16_14_39,data/raw/karaagroai/healthy_05/healthy_01/-5805312977254071260_121-16_14_39.jpg,cocoa,healthy,KaraAgroAI Cocoa Dataset,healthy_05.rar,19d4c9b18e44da65463f8f5c286506374e9e2f7c3600c8f8d2e7e6d826796a96,unassigned
-5805312977254071261_121-16_14_43,data/raw/karaagroai/healthy_05/healthy_01/-5805312977254071261_121-16_14_43.jpg,cocoa,healthy,KaraAgroAI Cocoa Dataset,healthy_05.rar,35fc56ff1c0d7c15d0a66475ba3fe2b42985a9e1786c02fc2c4da3cdd1290b8c,unassigned
-5805312977254071262_121-16_14_47,data/raw/karaagroai/healthy_05/healthy_01/-5805312977254071262_121-16_14_47.jpg,cocoa,healthy,KaraAgroAI Cocoa Dataset,healthy_05.rar,222bd2758463dc767ab97e52976021becf9a3ee5f982a3881ffc043badeec179,unassigned
-5805312977254071263_121-16_14_51,data/raw/karaagroai/healthy_05/healthy_01/-5805312977254071263_121-16_14_51.jpg,cocoa,healthy,KaraAgroAI Cocoa Dataset,healthy_05.rar,42c1da68a71a0a6b7a15aa50b202cc28d45175330c06b738eafbdbcbd5c2cf30,unassigned
-5805312977254071264_121-16_14_56,data/raw/karaagroai/healthy_05/healthy_01/-5805312977254071264_121-16_14_56.jpg,cocoa,healthy,KaraAgroAI Cocoa Dataset,healthy_05.rar,a682455cafdf95b27ab604d12fd12b8b1b71063f917f77bf45f3e4ece3d12a31,unassigned
-5805312977254071265_121-16_15_1,data/raw/karaagroai/healthy_05/healthy_01/-5805312977254071265_121-16_15_1.jpg,cocoa,healthy,KaraAgroAI Cocoa Dataset,healthy_05.rar,b517695c0a618d5e09be88a5a046367bd3b797fc7c0527af4750af2ebf93fa8d,unassigned
-5805312977254071266_121-16_15_16,data/raw/karaagroai/healthy_05/healthy_01/-5805312977254071266_121-16_15_16.jpg,cocoa,healthy,KaraAgroAI Cocoa Dataset,healthy_05.rar,153b8a52a7b82aca64dfe792725af0802ffc61a7b8288a2152d9d095c43a8a6a,unassigned
-5805312977254071267_121-16_15_23,data/raw/karaagroai/healthy_05/healthy_01/-5805312977254071267_121-16_15_23.jpg,cocoa,healthy,KaraAgroAI Cocoa Dataset,healthy_05.rar,556f45b38b78373b03bfcb996a609a23fd7c8571be318dbf5f22e6e4b9645114,unassigned
-5805312977254071269_121-16_16_0,data/raw/karaagroai/healthy_05/healthy_01/-5805312977254071269_121-16_16_0.jpg,cocoa,healthy,KaraAgroAI Cocoa Dataset,healthy_05.rar,60a52a6fbbce2c096026f32eb99edec33901b9d84d281e38b95b8de9efde5243,unassigned
-5805312977254071270_121-16_16_6,data/raw/karaagroai/healthy_05/healthy_01/-5805312977254071270_121-16_16_6.jpg,cocoa,healthy,KaraAgroAI Cocoa Dataset,healthy_05.rar,f9820243112d9091dca6448bf415b64e1519669b5bf7a5b61ccc463329782594,unassigned
-5805312977254071271_121-16_16_11,data/raw/karaagroai/healthy_05/healthy_01/-5805312977254071271_121-16_16_11.jpg,cocoa,healthy,KaraAgroAI Cocoa Dataset,healthy_05.rar,4ca749e6d46eee073794bb834b808cb3b3b4962e756693d3a9a6720932cb3901,unassigned
-5805312977254071272_121-16_16_18,data/raw/karaagroai/healthy_05/healthy_01/-5805312977254071272_121-16_16_18.jpg,cocoa,healthy,KaraAgroAI Cocoa Dataset,healthy_05.rar,8d36b8b0511ee31f711c9e4dfc00ef329c3b89c3eee34b545f0b7fdfcdd5d1f1,unassigned
-5805312977254071273_121-16_16_24,data/raw/karaagroai/healthy_05/healthy_01/-5805312977254071273_121-16_16_24.jpg,cocoa,healthy,KaraAgroAI Cocoa Dataset,healthy_05.rar,b82bbfde7288c8ebde5f14f390965962708e409009942197df75e173f750e601,unassigned
-5805312977254071274_121-16_16_30,data/raw/karaagroai/healthy_05/healthy_01/-5805312977254071274_121-16_16_30.jpg,cocoa,healthy,KaraAgroAI Cocoa Dataset,healthy_05.rar,e04daba74d572dd5afff72bb620af30b5f4ce7797d5dbd3349af38e56f7e5538,unassigned
-5805312977254071275_121-16_16_38,data/raw/karaagroai/healthy_05/healthy_01/-5805312977254071275_121-16_16_38.jpg,cocoa,healthy,KaraAgroAI Cocoa Dataset,healthy_05.rar,b5081f91d581eea3fc3eb95869230e1a3a6a820918c6d6d1d70712b2a3220bd0,unassigned
-5805312977254071276_121-16_16_45,data/raw/karaagroai/healthy_05/healthy_01/-5805312977254071276_121-16_16_45.jpg,cocoa,healthy,KaraAgroAI Cocoa Dataset,healthy_05.rar,42d800312a99e1e4d53f4656c3d1b4f960c1485565ca636954e934bcb695a9bd,unassigned
-5805312977254071277_121-16_16_52,data/raw/karaagroai/healthy_05/healthy_01/-5805312977254071277_121-16_16_52.jpg,cocoa,healthy,KaraAgroAI Cocoa Dataset,healthy_05.rar,fd109c44b132b80fbdfe1e41d45a567f891e7eb6fa5b89a44e8d7b26b1551d69,unassigned
-5805312977254071278_121-16_16_59,data/raw/karaagroai/healthy_05/healthy_01/-5805312977254071278_121-16_16_59.jpg,cocoa,healthy,KaraAgroAI Cocoa Dataset,healthy_05.rar,7bfb500c0589632b3415cd4245ac77233d0712bb6ffcbe9798831e8b087a9e72,unassigned
-5805312977254071279_121-16_17_34,data/raw/karaagroai/healthy_05/healthy_01/-5805312977254071279_121-16_17_34.jpg,cocoa,healthy,KaraAgroAI Cocoa Dataset,healthy_05.rar,77b709a5229c4164a2b4170368c1cf93bc2ebfad915fc7335bf0d025bd26e99b,unassigned
-5805312977254071280_121-16_17_39,data/raw/karaagroai/healthy_05/healthy_01/-5805312977254071280_121-16_17_39.jpg,cocoa,healthy,KaraAgroAI Cocoa Dataset,healthy_05.rar,178b80a951d06949533dcb0457f94e8ed6cbeb9d12ae07d40ce6b3db5ff05cdb,unassigned
-5805312977254071281_121-16_17_43,data/raw/karaagroai/healthy_05/healthy_01/-5805312977254071281_121-16_17_43.jpg,cocoa,healthy,KaraAgroAI Cocoa Dataset,healthy_05.rar,c6a30e0d535ab5bb2e804ae0416a9775b832378bccdd1c7cf8b499ae654e4527,unassigned
-5805312977254071282_121-16_17_48,data/raw/karaagroai/healthy_05/healthy_01/-5805312977254071282_121-16_17_48.jpg,cocoa,healthy,KaraAgroAI Cocoa Dataset,healthy_05.rar,b48bf2670f84c6e0dc3a7e7d0121fd05c100269304faffe03be4ed38c2c53851,unassigned
-5805312977254071283_121-16_17_53,data/raw/karaagroai/healthy_05/healthy_01/-5805312977254071283_121-16_17_53.jpg,cocoa,healthy,KaraAgroAI Cocoa Dataset,healthy_05.rar,69a57273d08d697b434ea2c5cf3fc1a2cf9c765f38ee3798d1d4f525f9210081,unassigned
-5805312977254071284_121-16_17_57,data/raw/karaagroai/healthy_05/healthy_01/-5805312977254071284_121-16_17_57.jpg,cocoa,healthy,KaraAgroAI Cocoa Dataset,healthy_05.rar,452c7469dc2af907e35234a93d4ce392913d2d8acc4c5fe7ab17b65c4804032f,unassigned
-5805312977254071285_121-16_18_3,data/raw/karaagroai/healthy_05/healthy_01/-5805312977254071285_121-16_18_3.jpg,cocoa,healthy,KaraAgroAI Cocoa Dataset,healthy_05.rar,f5e34b995f46e17ee3468112c4aec708a0bfc616f8b1bbd5138fc8034540b798,unassigned
-5805312977254071286_121-16_18_10,data/raw/karaagroai/healthy_05/healthy_01/-5805312977254071286_121-16_18_10.jpg,cocoa,healthy,KaraAgroAI Cocoa Dataset,healthy_05.rar,d262c9a1f3dfec01b8672adf02e4e2b2ef0edebfd4b87e2875a49589ac024fb5,unassigned
-5805312977254071287_121-16_18_15,data/raw/karaagroai/healthy_05/healthy_01/-5805312977254071287_121-16_18_15.jpg,cocoa,healthy,KaraAgroAI Cocoa Dataset,healthy_05.rar,4c8685041f5568d449cfa55ed52d0ec392052a05993d1358131262b10254ef68,unassigned
-5805312977254071288_121-16_18_20,data/raw/karaagroai/healthy_05/healthy_01/-5805312977254071288_121-16_18_20.jpg,cocoa,healthy,KaraAgroAI Cocoa Dataset,healthy_05.rar,2151de01cbb9302b9c581491c1775766191ad9efe55c85c4ed2f90855dcb4e5b,unassigned
-5805312977254071289_121-16_18_49,data/raw/karaagroai/healthy_05/healthy_01/-5805312977254071289_121-16_18_49.jpg,cocoa,healthy,KaraAgroAI Cocoa Dataset,healthy_05.rar,eb66b3796049b846bd87827ca5e19da6d39923c649813129399535df688ac3f5,unassigned
-5805312977254071290_121-16_18_54,data/raw/karaagroai/healthy_05/healthy_01/-5805312977254071290_121-16_18_54.jpg,cocoa,healthy,KaraAgroAI Cocoa Dataset,healthy_05.rar,cf6f903abfb0c8c03ec78a26ada8af5dd0583978703e3560adee62cdd63b808a,unassigned
-5805312977254071291_121-16_18_58,data/raw/karaagroai/healthy_05/healthy_01/-5805312977254071291_121-16_18_58.jpg,cocoa,healthy,KaraAgroAI Cocoa Dataset,healthy_05.rar,73f0bd2e26c7bb1f49d311f8598eca600e540fdb6c1e3a2d6092c9088faac90a,unassigned
-5805312977254071292_121-16_19_3,data/raw/karaagroai/healthy_05/healthy_01/-5805312977254071292_121-16_19_3.jpg,cocoa,healthy,KaraAgroAI Cocoa Dataset,healthy_05.rar,43818a77b6430060ef854fe82a6901d89858f593077b6fe5ede13c1551028dd1,unassigned
-5805312977254071293_121-16_19_8,data/raw/karaagroai/healthy_05/healthy_01/-5805312977254071293_121-16_19_8.jpg,cocoa,healthy,KaraAgroAI Cocoa Dataset,healthy_05.rar,dee7654f6ce03ac02465d04fd849f854336c071e3344d74180378e3effdc657a,unassigned
-5805312977254071294_121-16_19_13,data/raw/karaagroai/healthy_05/healthy_01/-5805312977254071294_121-16_19_13.jpg,cocoa,healthy,KaraAgroAI Cocoa Dataset,healthy_05.rar,c00c2aff30317ba339616d06456601d4509b5a6af30a48f2ad127311aca03a96,unassigned
-5805312977254071295_121-16_19_19,data/raw/karaagroai/healthy_05/healthy_01/-5805312977254071295_121-16_19_19.jpg,cocoa,healthy,KaraAgroAI Cocoa Dataset,healthy_05.rar,1526cb1bfc23d2ad66a5c2d3f69296de4a2d2e123eedcd5d993b08a2b4b2b6bf,unassigned
-5805312977254071298_121-16_19_35,data/raw/karaagroai/healthy_05/healthy_01/-5805312977254071298_121-16_19_35.jpg,cocoa,healthy,KaraAgroAI Cocoa Dataset,healthy_05.rar,16d1290fe8ff590be43aa4e063eed0a30d74d7540fcd079047dc4ef4873e5db0,unassigned
-5805312977254071299_121-16_20_5,data/raw/karaagroai/healthy_05/healthy_01/-5805312977254071299_121-16_20_5.jpg,cocoa,healthy,KaraAgroAI Cocoa Dataset,healthy_05.rar,7a275fa983ad2566f11ce7d7d7eb04e567b4be3c917446ad287f5d76cde2416f,unassigned
-5805312977254071300_121-16_20_10,data/raw/karaagroai/healthy_05/healthy_01/-5805312977254071300_121-16_20_10.jpg,cocoa,healthy,KaraAgroAI Cocoa Dataset,healthy_05.rar,a6a7247f80a50c8b450e76f02201a4dd19d3d66399a69b097a9e510f0d739a99,unassigned
-5805312977254071301_121-16_20_14,data/raw/karaagroai/healthy_05/healthy_01/-5805312977254071301_121-16_20_14.jpg,cocoa,healthy,KaraAgroAI Cocoa Dataset,healthy_05.rar,7cfca45821d1a9e044a4ce8426f66aa1add6965754ba7b26e4c28bd24381566a,unassigned
-5805312977254071302_121-16_20_18,data/raw/karaagroai/healthy_05/healthy_01/-5805312977254071302_121-16_20_18.jpg,cocoa,healthy,KaraAgroAI Cocoa Dataset,healthy_05.rar,af5f2a7d87c1c65db8aa2c93ded0a6094960fa020449c0fd2397ef5ea7517be7,unassigned
-5805312977254071303_121-16_20_23,data/raw/karaagroai/healthy_05/healthy_01/-5805312977254071303_121-16_20_23.jpg,cocoa,healthy,KaraAgroAI Cocoa Dataset,healthy_05.rar,a85ad796e581e5437ae5a53e717c976977823b0b102f00969531d180b0761107,unassigned
-5965021963221055203_121-18_37_37,data/raw/karaagroai/healthy_05/healthy_01/-5965021963221055203_121-18_37_37.jpg,cocoa,healthy,KaraAgroAI Cocoa Dataset,healthy_05.rar,5389de2b844a3d78493426fadc170fd5b43f6b78d359440a400d15952f9ac04f,unassigned
-5965021963221055235_121-18_44_4,data/raw/karaagroai/healthy_05/healthy_01/-5965021963221055235_121-18_44_4.jpg,cocoa,healthy,KaraAgroAI Cocoa Dataset,healthy_05.rar,25f204a97f973fe798714c5a092977597eac1cf952bdb25576b621881dd2f90c,unassigned
-5965021963221055240_121-18_44_38,data/raw/karaagroai/healthy_05/healthy_01/-5965021963221055240_121-18_44_38.jpg,cocoa,healthy,KaraAgroAI Cocoa Dataset,healthy_05.rar,0b8ee732b1192a76c350d9c6b86f7fd9ee77dd9e3bfcc028b592d5a03440e24d,unassigned
-5965021963221055241_121-18_44_45,data/raw/karaagroai/healthy_05/healthy_01/-5965021963221055241_121-18_44_45.jpg,cocoa,healthy,KaraAgroAI Cocoa Dataset,healthy_05.rar,658a4f71927fd4aa344f4fcc85c825b01b9b7db465c254a91bfe70b8a93a5b5a,unassigned
-5965021963221055267_121-18_50_46,data/raw/karaagroai/healthy_05/healthy_01/-5965021963221055267_121-18_50_46.jpg,cocoa,healthy,KaraAgroAI Cocoa Dataset,healthy_05.rar,1860bdbda8a101bdf4c60ee088ec42ec78449d2325672178a17af072a555a37e,unassigned
-5965021963221055317_121-19_9_20,data/raw/karaagroai/healthy_05/healthy_01/-5965021963221055317_121-19_9_20.jpg,cocoa,healthy,KaraAgroAI Cocoa Dataset,healthy_05.rar,575a2f172308b216b080c99411796465e256305453aed1642e7860dc67778485,unassigned
-5965021963221055323_121-19_10_5,data/raw/karaagroai/healthy_05/healthy_01/-5965021963221055323_121-19_10_5.jpg,cocoa,healthy,KaraAgroAI Cocoa Dataset,healthy_05.rar,fd7bbc6c6ba4fcc9806eda63ec8f1ff26a6d0407f6190ede151a17e8c3f0ebb4,unassigned
-5965021963221055327_121-19_11_8,data/raw/karaagroai/healthy_05/healthy_01/-5965021963221055327_121-19_11_8.jpg,cocoa,healthy,KaraAgroAI Cocoa Dataset,healthy_05.rar,1518a6b871dbfff9b395ad4a38f6133ebfbca4197cb5dfb6ac03097decfaf74f,unassigned
-5965021963221055356_121-19_23_35,data/raw/karaagroai/healthy_05/healthy_01/-5965021963221055356_121-19_23_35.jpg,cocoa,healthy,KaraAgroAI Cocoa Dataset,healthy_05.rar,bdd994a016a0f10e77013308bc8cb017e80f2ee959f3dc6fb3542da664f05642,unassigned
-5965021963221055370_121-19_26_24,data/raw/karaagroai/healthy_05/healthy_01/-5965021963221055370_121-19_26_24.jpg,cocoa,healthy,KaraAgroAI Cocoa Dataset,healthy_05.rar,e328b1428cdda1351acde89fd6858ff92059d3cf0af0cba0b104a345cc405b84,unassigned
-5965021963221055371_121-19_26_31,data/raw/karaagroai/healthy_05/healthy_01/-5965021963221055371_121-19_26_31.jpg,cocoa,healthy,KaraAgroAI Cocoa Dataset,healthy_05.rar,877740074a622129e8d10ebf5e2cf0cde2ab6b89d6b22c3e34a77a6693b128ad,unassigned
-5965021963221055376_121-19_27_39,data/raw/karaagroai/healthy_05/healthy_01/-5965021963221055376_121-19_27_39.jpg,cocoa,healthy,KaraAgroAI Cocoa Dataset,healthy_05.rar,b57df7e6015dc7e1c3fff9e0f9e3c2dd89f08f7913f3a38962a8c67f3daeb73b,unassigned
-5965021963221055377_121-19_27_47,data/raw/karaagroai/healthy_05/healthy_01/-5965021963221055377_121-19_27_47.jpg,cocoa,healthy,KaraAgroAI Cocoa Dataset,healthy_05.rar,422879a7e0b1e700be670f7aee187107c337113221c2ee4bb6426a8776368ea8,unassigned
-5965021963221055390_121-19_29_55,data/raw/karaagroai/healthy_05/healthy_01/-5965021963221055390_121-19_29_55.jpg,cocoa,healthy,KaraAgroAI Cocoa Dataset,healthy_05.rar,5ccc77fa2a581e616d14ea92108add567d18d31a15e531b218e6173a0c5bc56b,unassigned
-5965021963221055391_121-19_30_6,data/raw/karaagroai/healthy_05/healthy_01/-5965021963221055391_121-19_30_6.jpg,cocoa,healthy,KaraAgroAI Cocoa Dataset,healthy_05.rar,4a100a7b04033fd51538630891808e690963e73f0c39c9c1002490cbc14436e3,unassigned
-5965021963221055392_121-19_30_19,data/raw/karaagroai/healthy_05/healthy_01/-5965021963221055392_121-19_30_19.jpg,cocoa,healthy,KaraAgroAI Cocoa Dataset,healthy_05.rar,021a7c15749c3412240b129e3592bd32274ed0c6c729da0d44fe983ad22a822e,unassigned
-5965021963221055393_121-19_30_26,data/raw/karaagroai/healthy_05/healthy_01/-5965021963221055393_121-19_30_26.jpg,cocoa,healthy,KaraAgroAI Cocoa Dataset,healthy_05.rar,48a307988a8ff9d9e18ee2067e5ca8c506540ea77467b4d672ee0c6d750d5beb,unassigned
-5965021963221055394_121-19_30_37,data/raw/karaagroai/healthy_05/healthy_01/-5965021963221055394_121-19_30_37.jpg,cocoa,healthy,KaraAgroAI Cocoa Dataset,healthy_05.rar,be84cc7306efb662d3368e43c5c23d47ef9ba158ed4c9fab86c7637b377e5f13,unassigned
-5965021963221055395_121-19_31_17,data/raw/karaagroai/healthy_05/healthy_01/-5965021963221055395_121-19_31_17.jpg,cocoa,healthy,KaraAgroAI Cocoa Dataset,healthy_05.rar,f3726c2d099bbfad8f8b339d8d63151108a7ef760080ab495cd2a3d32ecd095c,unassigned
-5965021963221055396_121-19_31_24,data/raw/karaagroai/healthy_05/healthy_01/-5965021963221055396_121-19_31_24.jpg,cocoa,healthy,KaraAgroAI Cocoa Dataset,healthy_05.rar,e5351adf1a86e9eb4707d1ad8486297172b40c8218bdba4a8fbb74af39a69510,unassigned
-5965021963221055433_121-19_39_21,data/raw/karaagroai/healthy_05/healthy_01/-5965021963221055433_121-19_39_21.jpg,cocoa,healthy,KaraAgroAI Cocoa Dataset,healthy_05.rar,bac7d151f08bf744601e44ac350aa982d40f3c6b303a514f66bc9cfa0b975668,unassigned
-5965021963221055439_121-19_40_28,data/raw/karaagroai/healthy_05/healthy_01/-5965021963221055439_121-19_40_28.jpg,cocoa,healthy,KaraAgroAI Cocoa Dataset,healthy_05.rar,5f2bb80dc17f95fa4d1e459b7ab3d34b1f70a5a395dcdac0b96a115cb2199cfc,unassigned
-5965021963221055440_121-19_40_38,data/raw/karaagroai/healthy_05/healthy_01/-5965021963221055440_121-19_40_38.jpg,cocoa,healthy,KaraAgroAI Cocoa Dataset,healthy_05.rar,f6b0eb3c31f78a9dba53db9c9662320e5aff9dc6958b449d40b224419ee58708,unassigned
-5965021963221055441_121-19_40_50,data/raw/karaagroai/healthy_05/healthy_01/-5965021963221055441_121-19_40_50.jpg,cocoa,healthy,KaraAgroAI Cocoa Dataset,healthy_05.rar,42e901d6be503f4453bfdc0b425730cb0b3771a062ccdcb748281a2dab97ca2b,unassigned
-5965021963221055456_121-19_44_21,data/raw/karaagroai/healthy_05/healthy_01/-5965021963221055456_121-19_44_21.jpg,cocoa,healthy,KaraAgroAI Cocoa Dataset,healthy_05.rar,c1418452eca39cec2d5fd8e83191198e4eb5b67b8498fdf699848e7d22d433ff,unassigned
-5965021963221055473_121-19_49_56,data/raw/karaagroai/healthy_05/healthy_01/-5965021963221055473_121-19_49_56.jpg,cocoa,healthy,KaraAgroAI Cocoa Dataset,healthy_05.rar,45c7511a9474694b8b2ec7aa472062d4f07054edaba9f864a9811a94b4f66f20,unassigned
-5965021963221055482_121-19_52_34,data/raw/karaagroai/healthy_05/healthy_01/-5965021963221055482_121-19_52_34.jpg,cocoa,healthy,KaraAgroAI Cocoa Dataset,healthy_05.rar,bd0e199054bc2aaadc136133333e25bd3e7fe0fc56caac28e42e32e860e8872c,unassigned
-5965021963221055483_121-19_52_45,data/raw/karaagroai/healthy_05/healthy_01/-5965021963221055483_121-19_52_45.jpg,cocoa,healthy,KaraAgroAI Cocoa Dataset,healthy_05.rar,3691a019a741a06511a7565046ee9e4b6c6fd86ed670d1e2a42b2619a51d1ac3,unassigned
-5965021963221055487_121-19_53_47,data/raw/karaagroai/healthy_05/healthy_01/-5965021963221055487_121-19_53_47.jpg,cocoa,healthy,KaraAgroAI Cocoa Dataset,healthy_05.rar,2dfca5d1dcefd959c1c8aadfb4d4cb408f16fef2b0d08962ebd16e20b59bc64a,unassigned
-5965021963221055488_121-19_54_1,data/raw/karaagroai/healthy_05/healthy_01/-5965021963221055488_121-19_54_1.jpg,cocoa,healthy,KaraAgroAI Cocoa Dataset,healthy_05.rar,1d754f0c849b38ac052072759b52eb1bc6f891d914aa139e6afe997a47f0f8f4,unassigned
-5965021963221055489_121-19_54_13,data/raw/karaagroai/healthy_05/healthy_01/-5965021963221055489_121-19_54_13.jpg,cocoa,healthy,KaraAgroAI Cocoa Dataset,healthy_05.rar,7dcfdb8fa19b91099a608b04f85acd7d42427af51cc09b239c911da2f3245f89,unassigned
-5965021963221055516_121-19_59_26,data/raw/karaagroai/healthy_05/healthy_01/-5965021963221055516_121-19_59_26.jpg,cocoa,healthy,KaraAgroAI Cocoa Dataset,healthy_05.rar,640868b50572806dfa5742378b1459a3d848d5363919e99fa434e8ee446d963b,unassigned
-5965021963221055517_121-19_59_31,data/raw/karaagroai/healthy_05/healthy_01/-5965021963221055517_121-19_59_31.jpg,cocoa,healthy,KaraAgroAI Cocoa Dataset,healthy_05.rar,f298cde729bd8c4a2ae0341bb66911f27d5923e5f374dbd30a6ae4d1f411682f,unassigned
-5965021963221055532_121-20_10_2,data/raw/karaagroai/healthy_05/healthy_01/-5965021963221055532_121-20_10_2.jpg,cocoa,healthy,KaraAgroAI Cocoa Dataset,healthy_05.rar,42c96450ac9c42f36f1317f56dfad86e918cd12096c47a18cfce5f87b4369fbb,unassigned
-5965021963221055576_121-22_46_58,data/raw/karaagroai/healthy_05/healthy_01/-5965021963221055576_121-22_46_58.jpg,cocoa,healthy,KaraAgroAI Cocoa Dataset,healthy_05.rar,a1951460c42b26b469c418cd62d8be6b2de058f3a0cf50c6d4b747df4bbbe7cc,unassigned
-5965021963221055590_121-22_53_10,data/raw/karaagroai/healthy_05/healthy_01/-5965021963221055590_121-22_53_10.jpg,cocoa,healthy,KaraAgroAI Cocoa Dataset,healthy_05.rar,7802e9885ce39ce04744ac0554b117f55f7f50afb5d474e58ea7b1bdc78e024e,unassigned
-5965021963221055591_121-22_53_18,data/raw/karaagroai/healthy_05/healthy_01/-5965021963221055591_121-22_53_18.jpg,cocoa,healthy,KaraAgroAI Cocoa Dataset,healthy_05.rar,4819b19c1d2554166be14d8ad5dbb5301a06662f51ef8101506f1cb32ef8511b,unassigned
-5965021963221055604_121-22_55_16,data/raw/karaagroai/healthy_05/healthy_01/-5965021963221055604_121-22_55_16.jpg,cocoa,healthy,KaraAgroAI Cocoa Dataset,healthy_05.rar,fe9097e050ca30a93934acd8bfbab3a83ba681955fba0985ae4e5cebcbbefcf0,unassigned
-5965021963221055639_121-23_7_26,data/raw/karaagroai/healthy_05/healthy_01/-5965021963221055639_121-23_7_26.jpg,cocoa,healthy,KaraAgroAI Cocoa Dataset,healthy_05.rar,2e134f78fb5e87b56a86e7992421b05225442917de26c619a9860c39049787b0,unassigned
-5965021963221055642_121-23_7_48,data/raw/karaagroai/healthy_05/healthy_01/-5965021963221055642_121-23_7_48.jpg,cocoa,healthy,KaraAgroAI Cocoa Dataset,healthy_05.rar,236cfcccae804de1fb054e6b01e2e53a0545a39cbcdd98be08bc1f15570ce134,unassigned
-5965021963221055644_121-23_8_0,data/raw/karaagroai/healthy_05/healthy_01/-5965021963221055644_121-23_8_0.jpg,cocoa,healthy,KaraAgroAI Cocoa Dataset,healthy_05.rar,96e063ebf3161e8765ea7787176d959b63b9ce9e42c801d45fc8cb681938a624,unassigned
-5965021963221055648_121-23_14_46,data/raw/karaagroai/healthy_05/healthy_01/-5965021963221055648_121-23_14_46.jpg,cocoa,healthy,KaraAgroAI Cocoa Dataset,healthy_05.rar,7a1a5d435cfefc9c3c6e74d006118cd098185e26aa5019da3e255230ec8212c6,unassigned
-5965021963221055656_121-23_15_30,data/raw/karaagroai/healthy_05/healthy_01/-5965021963221055656_121-23_15_30.jpg,cocoa,healthy,KaraAgroAI Cocoa Dataset,healthy_05.rar,6c7881552ec9d8fd9422d5588f8050bdafa71a10acd62dd716a51fe7f97cbb52,unassigned
-5965021963221055661_121-23_16_46,data/raw/karaagroai/healthy_05/healthy_01/-5965021963221055661_121-23_16_46.jpg,cocoa,healthy,KaraAgroAI Cocoa Dataset,healthy_05.rar,fb1dc05e31246697b4ca1971c9a6f1799c3efff0bba685b48db3feeb6453ece7,unassigned
-5965021963221055664_121-23_17_1,data/raw/karaagroai/healthy_05/healthy_01/-5965021963221055664_121-23_17_1.jpg,cocoa,healthy,KaraAgroAI Cocoa Dataset,healthy_05.rar,8f62cab3b8c1784d459a5de60a73eb8e70ce8a83b0b8d7be4c7091fc9a955543,unassigned
-5965021963221055670_121-23_18_26,data/raw/karaagroai/healthy_05/healthy_01/-5965021963221055670_121-23_18_26.jpg,cocoa,healthy,KaraAgroAI Cocoa Dataset,healthy_05.rar,d59f85e0e765f45cfbc15333794f8e8e756080a8258c8bb2af7369a95e126674,unassigned
-5965021963221055671_121-23_18_31,data/raw/karaagroai/healthy_05/healthy_01/-5965021963221055671_121-23_18_31.jpg,cocoa,healthy,KaraAgroAI Cocoa Dataset,healthy_05.rar,b0d66c4679a74ba3aeabb6c17c8a580490873e800ef0916db1a2bdce8f82614f,unassigned
-5965021963221055672_121-23_18_39,data/raw/karaagroai/healthy_05/healthy_01/-5965021963221055672_121-23_18_39.jpg,cocoa,healthy,KaraAgroAI Cocoa Dataset,healthy_05.rar,dbc6eaab2fee2af1046b2357e7d78debdc35dc8379bd0a78d6c53877f7d4407a,unassigned
-5965021963221055677_121-23_23_19,data/raw/karaagroai/healthy_05/healthy_01/-5965021963221055677_121-23_23_19.jpg,cocoa,healthy,KaraAgroAI Cocoa Dataset,healthy_05.rar,97dbce009f32a4d95676e7c24fcfa532be8ed2e3d6332f0f2b6754950d52bd45,unassigned
-5965021963221055707_121-23_28_54,data/raw/karaagroai/healthy_05/healthy_01/-5965021963221055707_121-23_28_54.jpg,cocoa,healthy,KaraAgroAI Cocoa Dataset,healthy_05.rar,ee8b56ab33bf73a39d3dcac0dd2ecdd72304d5db702c4b7e7ed4b683b9bea4f5,unassigned
-5965021963221055712_121-23_29_23,data/raw/karaagroai/healthy_05/healthy_01/-5965021963221055712_121-23_29_23.jpg,cocoa,healthy,KaraAgroAI Cocoa Dataset,healthy_05.rar,c353e36b971f9ef6291f6f5caef83361ba04d3b459871c658db7cc6fcc797a04,unassigned
-5965021963221055722_121-23_33_5,data/raw/karaagroai/healthy_05/healthy_01/-5965021963221055722_121-23_33_5.jpg,cocoa,healthy,KaraAgroAI Cocoa Dataset,healthy_05.rar,2b4c4b87deb6772c0e0cb5983cba82bb743ddec112ef33bc122847c2200be47a,unassigned
-5965021963221055728_121-23_43_19,data/raw/karaagroai/healthy_05/healthy_01/-5965021963221055728_121-23_43_19.jpg,cocoa,healthy,KaraAgroAI Cocoa Dataset,healthy_05.rar,00b727cabfef9b638d8797df88fb6e2145ff546d903de5eb085e3aec10ba0a3f,unassigned
-5965021963221055738_121-23_44_56,data/raw/karaagroai/healthy_05/healthy_01/-5965021963221055738_121-23_44_56.jpg,cocoa,healthy,KaraAgroAI Cocoa Dataset,healthy_05.rar,d9132690acd1e185cc02219f5cbfeb595845ab512122cd5e4e50b534a3f35289,unassigned
-5965021963221055742_121-23_45_15,data/raw/karaagroai/healthy_05/healthy_01/-5965021963221055742_121-23_45_15.jpg,cocoa,healthy,KaraAgroAI Cocoa Dataset,healthy_05.rar,73381061b6bd2f8e36d4690dba9310402625ae8df75d1280cc354d5072fff1d7,unassigned
-5965021963221055777_121-0_8_19,data/raw/karaagroai/healthy_05/healthy_01/-5965021963221055777_121-0_8_19.jpg,cocoa,healthy,KaraAgroAI Cocoa Dataset,healthy_05.rar,4fbc296a4278ac3b58018355421ee7559a7be568012b88de0fd2c8b72cc32da8,unassigned
-5965021963221055787_121-0_9_46,data/raw/karaagroai/healthy_05/healthy_01/-5965021963221055787_121-0_9_46.jpg,cocoa,healthy,KaraAgroAI Cocoa Dataset,healthy_05.rar,2322ca98659752f9bcad9e5b2bbc2e4e30eabe6e8da5144552bfeda4aa0a388a,unassigned
-5965021963221055788_121-0_9_51,data/raw/karaagroai/healthy_05/healthy_01/-5965021963221055788_121-0_9_51.jpg,cocoa,healthy,KaraAgroAI Cocoa Dataset,healthy_05.rar,ea8ef68de65604821673df3da57fc50bc3d0c458e9219809d43421e15a3e152f,unassigned
-5965021963221055791_121-0_10_10,data/raw/karaagroai/healthy_05/healthy_01/-5965021963221055791_121-0_10_10.jpg,cocoa,healthy,KaraAgroAI Cocoa Dataset,healthy_05.rar,ce54b9bfc139117da9b5dfe3b3739502e90311226ef7185d400110bb2e02e27f,unassigned
-5965021963221055821_121-0_20_34,data/raw/karaagroai/healthy_05/healthy_01/-5965021963221055821_121-0_20_34.jpg,cocoa,healthy,KaraAgroAI Cocoa Dataset,healthy_05.rar,a92724c3e6d8a2e0fd2478291f1af2dcd7f6a1ac9fe9a78b3d59f190c9ea43ce,unassigned
-5965021963221055826_121-0_21_34,data/raw/karaagroai/healthy_05/healthy_01/-5965021963221055826_121-0_21_34.jpg,cocoa,healthy,KaraAgroAI Cocoa Dataset,healthy_05.rar,f6201d89155ec3d4b812fba3b3fe5e28c40e7be90e043891f577e190af929db1,unassigned
-5965021963221055827_121-0_22_8,data/raw/karaagroai/healthy_05/healthy_01/-5965021963221055827_121-0_22_8.jpg,cocoa,healthy,KaraAgroAI Cocoa Dataset,healthy_05.rar,b2e97570e5bc48caa58d73f450c9a9926057130b660227e0c555d370fbe19ee9,unassigned
-5965021963221055828_121-0_22_13,data/raw/karaagroai/healthy_05/healthy_01/-5965021963221055828_121-0_22_13.jpg,cocoa,healthy,KaraAgroAI Cocoa Dataset,healthy_05.rar,258a6c62a141bd04dadf708841ded5ea490e8f2c753b7a4d9eeeb176503255f7,unassigned
-5965021963221055906_121-14_39_54,data/raw/karaagroai/healthy_05/healthy_01/-5965021963221055906_121-14_39_54.jpg,cocoa,healthy,KaraAgroAI Cocoa Dataset,healthy_05.rar,c82b27e1114fd39cc17938fa3246200d49c3ecdc2f389e3e332834420656f6b6,unassigned
-5965021963221055951_121-14_48_12,data/raw/karaagroai/healthy_05/healthy_01/-5965021963221055951_121-14_48_12.jpg,cocoa,healthy,KaraAgroAI Cocoa Dataset,healthy_05.rar,826d24e32c3876de7509c80258c0d6722f935bd4ae9d35b09e2e34e247cdc1a8,unassigned
-5965021963221055953_121-14_48_19,data/raw/karaagroai/healthy_05/healthy_01/-5965021963221055953_121-14_48_19.jpg,cocoa,healthy,KaraAgroAI Cocoa Dataset,healthy_05.rar,7567d78b39d778dc349b64e7b3d8a8055cbb7441d6aa8d32d40d61b495fb679a,unassigned
-5965021963221055967_121-14_53_27,data/raw/karaagroai/healthy_05/healthy_01/-5965021963221055967_121-14_53_27.jpg,cocoa,healthy,KaraAgroAI Cocoa Dataset,healthy_05.rar,d8ee8547f18c7cc97ae9e7c2054ee1e051fcc22d2dc078b75d411b83939db43e,unassigned
-5965021963221055971_121-14_53_51,data/raw/karaagroai/healthy_05/healthy_01/-5965021963221055971_121-14_53_51.jpg,cocoa,healthy,KaraAgroAI Cocoa Dataset,healthy_05.rar,1669c260c4b0181391d5782a8aa5c3a25b592b57bba9b6eb5cbe7992a32a406c,unassigned
-5965021963221055972_121-14_53_55,data/raw/karaagroai/healthy_05/healthy_01/-5965021963221055972_121-14_53_55.jpg,cocoa,healthy,KaraAgroAI Cocoa Dataset,healthy_05.rar,e07e0146b846c69f11de851ac739a390cf6e82eb809f9a654a46602fd895c2e7,unassigned
-5965021963221055985_121-14_58_37,data/raw/karaagroai/healthy_05/healthy_01/-5965021963221055985_121-14_58_37.jpg,cocoa,healthy,KaraAgroAI Cocoa Dataset,healthy_05.rar,a563ed9733db59d6f867fb26b9e49bbd58b195c380394856967828572a12b9a9,unassigned
-5965021963221056017_121-15_6_37,data/raw/karaagroai/healthy_05/healthy_01/-5965021963221056017_121-15_6_37.jpg,cocoa,healthy,KaraAgroAI Cocoa Dataset,healthy_05.rar,d1f8d26b69e92084b5727490b6abb83f44a1874e859a313883fd880b32bf38cb,unassigned
-5965021963221056149_121-15_34_30,data/raw/karaagroai/healthy_05/healthy_01/-5965021963221056149_121-15_34_30.jpg,cocoa,healthy,KaraAgroAI Cocoa Dataset,healthy_05.rar,735b14e878bc83b7761ed83316eb23c5d782498c372967fadcc69e39c960227e,unassigned
-5965021963221056150_121-15_34_35,data/raw/karaagroai/healthy_05/healthy_01/-5965021963221056150_121-15_34_35.jpg,cocoa,healthy,KaraAgroAI Cocoa Dataset,healthy_05.rar,3a403bf99e9fdd801b6efb5ab59a5e28c7ffa4d1d4cab0b17ac038ac1318035e,unassigned
-5965021963221056212_121-15_50_53,data/raw/karaagroai/healthy_05/healthy_01/-5965021963221056212_121-15_50_53.jpg,cocoa,healthy,KaraAgroAI Cocoa Dataset,healthy_05.rar,e9c8ea5c0de2107feae4bb6f643d330fb03448b7284271526561be9563ef38e1,unassigned
-5965021963221056226_121-15_54_3,data/raw/karaagroai/healthy_05/healthy_01/-5965021963221056226_121-15_54_3.jpg,cocoa,healthy,KaraAgroAI Cocoa Dataset,healthy_05.rar,b7257a3e978e605aa759c7a0dfe8c4725217d91f80363d3a10e2276e444894a1,unassigned
-5965021963221056246_121-15_59_3,data/raw/karaagroai/healthy_05/healthy_01/-5965021963221056246_121-15_59_3.jpg,cocoa,healthy,KaraAgroAI Cocoa Dataset,healthy_05.rar,56b63c58779655b6aea393617647750ae3bbde3913f726b63b07007b7ee6dca7,unassigned
-5965021963221056252_121-16_0_12,data/raw/karaagroai/healthy_05/healthy_01/-5965021963221056252_121-16_0_12.jpg,cocoa,healthy,KaraAgroAI Cocoa Dataset,healthy_05.rar,c65d68272dae7722a8a1cf8559bbcc9c5ee1808792c1ca2203f174e1eb956c60,unassigned
-5965021963221056256_121-16_0_32,data/raw/karaagroai/healthy_05/healthy_01/-5965021963221056256_121-16_0_32.jpg,cocoa,healthy,KaraAgroAI Cocoa Dataset,healthy_05.rar,3457f128f26d0f674508558eb8cc8319481051d573a961b031de2f4e19721efc,unassigned
-5965021963221056257_121-16_0_37,data/raw/karaagroai/healthy_05/healthy_01/-5965021963221056257_121-16_0_37.jpg,cocoa,healthy,KaraAgroAI Cocoa Dataset,healthy_05.rar,969e8e412dcf8e0c2f5cdcf1534d372edbac057125df5ae834191bedc3e5abed,unassigned
-5965021963221056295_121-16_4_43,data/raw/karaagroai/healthy_05/healthy_01/-5965021963221056295_121-16_4_43.jpg,cocoa,healthy,KaraAgroAI Cocoa Dataset,healthy_05.rar,8222f54616bc3f1d2d671b6cb155567dc5c5f62e8069e0ba60439274a68123a3,unassigned
-5967668152701663498_121-16_16_53,data/raw/karaagroai/healthy_05/healthy_01/-5967668152701663498_121-16_16_53.jpg,cocoa,healthy,KaraAgroAI Cocoa Dataset,healthy_05.rar,6a3c99159d1301550e2e24532832d470a5e5ef3122b528b478d9521add56d7d1,unassigned
-5967668152701663499_121-16_16_57,data/raw/karaagroai/healthy_05/healthy_01/-5967668152701663499_121-16_16_57.jpg,cocoa,healthy,KaraAgroAI Cocoa Dataset,healthy_05.rar,4a2a4ba03f77fce7947305d43ac1fb2694d032fa16950d66113c644d2ac9e5ed,unassigned
-5967668152701663503_121-16_17_15,data/raw/karaagroai/healthy_05/healthy_01/-5967668152701663503_121-16_17_15.jpg,cocoa,healthy,KaraAgroAI Cocoa Dataset,healthy_05.rar,20152207d46be4bbfe1cca222407f63a9cf263a66aafe7c8acecc78451ed8495,unassigned
